holdings_as_of,downloaded_at_utc,source_ticker,name,weight
2026-10-01,2026-10-04T16:20:50Z,NVDA,NVIDIA CORP,8.454497
2026-10-01,2026-10-04T16:20:50Z,AAPL,APPLE INC,7.295199
2026-10-01,2026-10-04T16:20:50Z,MSFT,MICROSOFT CORP,5.762295
2026-10-01,2026-10-04T16:20:50Z,AMZN,AMAZON.COM INC,3.687252
2026-10-01,2026-10-04T16:20:50Z,GOOGL,ALPHABET INC CL A,3.003466
2026-10-01,2026-10-04T16:20:50Z,AVGO,BROADCOM INC,2.474146
2026-10-01,2026-10-04T16:20:50Z,META,META PLATFORMS INC CLASS A,2.42247
2026-10-01,2026-10-04T16:20:50Z,GOOG,ALPHABET INC CL C,2.409213
2026-10-01,2026-10-04T16:20:50Z,MU,MICRON TECHNOLOGY INC,1.875619
2026-10-01,2026-10-04T16:20:50Z,AMD,ADVANCED MICRO DEVICES,1.520935
2026-10-01,2026-10-04T16:20:50Z,TSLA,TESLA INC,1.51008
2026-10-01,2026-10-04T16:20:50Z,BRK-B,BERKSHIRE HATHAWAY INC CL B,1.410621
2026-10-01,2026-10-04T16:20:50Z,LLY,ELI LILLY + CO,1.39231
2026-10-01,2026-10-04T16:20:50Z,JPM,JPMORGAN CHASE + CO,1.340096
2026-10-01,2026-10-04T16:20:50Z,XOM,EXXONMOBIL HOLDINGS CORP,1.019209
2026-10-01,2026-10-04T16:20:50Z,JNJ,JOHNSON + JOHNSON,0.943146
2026-10-01,2026-10-04T16:20:50Z,V,VISA INC CLASS A SHARES,0.928016
2026-10-01,2026-10-04T16:20:50Z,INTC,INTEL CORP,0.902359
2026-10-01,2026-10-04T16:20:50Z,WMT,WALMART INC,0.703153
2026-10-01,2026-10-04T16:20:50Z,ABBV,ABBVIE INC,0.694917
2026-10-01,2026-10-04T16:20:50Z,MA,MASTERCARD INC   A,0.67301
2026-10-01,2026-10-04T16:20:50Z,PLTR,PALANTIR TECHNOLOGIES INC A,0.661671
2026-10-01,2026-10-04T16:20:50Z,CSCO,CISCO SYSTEMS INC,0.646025
2026-10-01,2026-10-04T16:20:50Z,LRCX,LAM RESEARCH CORP,0.644027
2026-10-01,2026-10-04T16:20:50Z,AMAT,APPLIED MATERIALS INC,0.635725
2026-10-01,2026-10-04T16:20:50Z,CVX,CHEVRON CORP,0.619229
2026-10-01,2026-10-04T16:20:50Z,COST,COSTCO WHOLESALE CORP,0.613827
2026-10-01,2026-10-04T16:20:50Z,CAT,CATERPILLAR INC,0.574662
2026-10-01,2026-10-04T16:20:50Z,MRK,MERCK + CO. INC.,0.536747
2026-10-01,2026-10-04T16:20:50Z,BAC,BANK OF AMERICA CORP,0.52861
2026-10-01,2026-10-04T16:20:50Z,PG,PROCTER + GAMBLE CO/THE,0.50617
2026-10-01,2026-10-04T16:20:50Z,KO,COCA COLA CO/THE,0.504362
2026-10-01,2026-10-04T16:20:50Z,UNH,UNITEDHEALTH GROUP INC,0.495889
2026-10-01,2026-10-04T16:20:50Z,GE,GENERAL ELECTRIC,0.490322
2026-10-01,2026-10-04T16:20:50Z,PANW,PALO ALTO NETWORKS INC,0.48872
2026-10-01,2026-10-04T16:20:50Z,PM,PHILIP MORRIS INTERNATIONAL,0.439899
2026-10-01,2026-10-04T16:20:50Z,NFLX,NETFLIX INC,0.427378
2026-10-01,2026-10-04T16:20:50Z,HD,HOME DEPOT INC,0.426333
2026-10-01,2026-10-04T16:20:50Z,CRWD,CROWDSTRIKE HOLDINGS INC   A,0.409859
2026-10-01,2026-10-04T16:20:50Z,GEV,GE VERNOVA INC,0.397792
2026-10-01,2026-10-04T16:20:50Z,KLAC,KLA CORP,0.396098
2026-10-01,2026-10-04T16:20:50Z,GS,GOLDMAN SACHS GROUP INC,0.395086
2026-10-01,2026-10-04T16:20:50Z,SNDK,SANDISK CORP,0.39493
2026-10-01,2026-10-04T16:20:50Z,TXN,TEXAS INSTRUMENTS INC,0.388789
2026-10-01,2026-10-04T16:20:50Z,RTX,RTX CORP,0.377348
2026-10-01,2026-10-04T16:20:50Z,WFC,WELLS FARGO + CO,0.367072
2026-10-01,2026-10-04T16:20:50Z,TMO,THERMO FISHER SCIENTIFIC INC,0.364936
2026-10-01,2026-10-04T16:20:50Z,ORCL,ORACLE CORP,0.361119
2026-10-01,2026-10-04T16:20:50Z,MRVL,MARVELL TECHNOLOGY INC,0.355605
2026-10-01,2026-10-04T16:20:50Z,MS,MORGAN STANLEY,0.339437
2026-10-01,2026-10-04T16:20:50Z,AMGN,AMGEN INC,0.333254
2026-10-01,2026-10-04T16:20:50Z,LIN,LINDE PLC,0.327283
2026-10-01,2026-10-04T16:20:50Z,STX,SEAGATE TECHNOLOGY HOLDINGS,0.324323
2026-10-01,2026-10-04T16:20:50Z,ANET,ARISTA NETWORKS INC,0.323949
2026-10-01,2026-10-04T16:20:50Z,C,CITIGROUP INC,0.322208
2026-10-01,2026-10-04T16:20:50Z,IBM,INTL BUSINESS MACHINES CORP,0.321682
2026-10-01,2026-10-04T16:20:50Z,APH,AMPHENOL CORP CL A,0.319497
2026-10-01,2026-10-04T16:20:50Z,ADI,ANALOG DEVICES INC,0.29803
2026-10-01,2026-10-04T16:20:50Z,QCOM,QUALCOMM INC,0.294314
2026-10-01,2026-10-04T16:20:50Z,CRM,SALESFORCE INC,0.293411
2026-10-01,2026-10-04T16:20:50Z,VZ,VERIZON COMMUNICATIONS INC,0.288916
2026-10-01,2026-10-04T16:20:50Z,GILD,GILEAD SCIENCES INC,0.276592
2026-10-01,2026-10-04T16:20:50Z,DIS,WALT DISNEY CO/THE,0.264595
2026-10-01,2026-10-04T16:20:50Z,PEP,PEPSICO INC,0.259251
2026-10-01,2026-10-04T16:20:50Z,ETN,EATON CORP PLC,0.257306
2026-10-01,2026-10-04T16:20:50Z,DE,DEERE + CO,0.253305
2026-10-01,2026-10-04T16:20:50Z,ABT,ABBOTT LABORATORIES,0.253195
2026-10-01,2026-10-04T16:20:50Z,WDC,WESTERN DIGITAL CORP,0.252369
2026-10-01,2026-10-04T16:20:50Z,T,AT+T INC,0.251803
2026-10-01,2026-10-04T16:20:50Z,MCD,MCDONALD S CORP,0.248086
2026-10-01,2026-10-04T16:20:50Z,DELL,DELL TECHNOLOGIES  C,0.247839
2026-10-01,2026-10-04T16:20:50Z,WELL,WELLTOWER INC,0.247536
2026-10-01,2026-10-04T16:20:50Z,UNP,UNION PACIFIC CORP,0.245104
2026-10-01,2026-10-04T16:20:50Z,PFE,PFIZER INC,0.242767
2026-10-01,2026-10-04T16:20:50Z,SCHW,SCHWAB (CHARLES) CORP,0.241813
2026-10-01,2026-10-04T16:20:50Z,NEE,NEXTERA ENERGY INC,0.241297
2026-10-01,2026-10-04T16:20:50Z,AXP,AMERICAN EXPRESS CO,0.240797
2026-10-01,2026-10-04T16:20:50Z,BLK,BLACKROCK INC,0.23197
2026-10-01,2026-10-04T16:20:50Z,COP,CONOCOPHILLIPS,0.230995
2026-10-01,2026-10-04T16:20:50Z,BA,BOEING CO/THE,0.229988
2026-10-01,2026-10-04T16:20:50Z,TJX,TJX COMPANIES INC,0.223328
2026-10-01,2026-10-04T16:20:50Z,NOW,SERVICENOW INC,0.215538
2026-10-01,2026-10-04T16:20:50Z,ISRG,INTUITIVE SURGICAL INC,0.214507
2026-10-01,2026-10-04T16:20:50Z,UBER,UBER TECHNOLOGIES INC,0.209823
2026-10-01,2026-10-04T16:20:50Z,DHR,DANAHER CORP,0.200506
2026-10-01,2026-10-04T16:20:50Z,ACN,ACCENTURE PLC CL A,0.196394
2026-10-01,2026-10-04T16:20:50Z,VRTX,VERTEX PHARMACEUTICALS INC,0.194352
2026-10-01,2026-10-04T16:20:50Z,GLW,CORNING INC,0.192389
2026-10-01,2026-10-04T16:20:50Z,BMY,BRISTOL MYERS SQUIBB CO,0.188139
2026-10-01,2026-10-04T16:20:50Z,PGR,PROGRESSIVE CORP,0.185604
2026-10-01,2026-10-04T16:20:50Z,PH,PARKER HANNIFIN CORP,0.184456
2026-10-01,2026-10-04T16:20:50Z,PLD,PROLOGIS INC,0.184342
2026-10-01,2026-10-04T16:20:50Z,NEM,NEWMONT CORP,0.182673
2026-10-01,2026-10-04T16:20:50Z,BKNG,BOOKING HOLDINGS INC,0.182067
2026-10-01,2026-10-04T16:20:50Z,COF,CAPITAL ONE FINANCIAL CORP,0.180377
2026-10-01,2026-10-04T16:20:50Z,MPC,MARATHON PETROLEUM CORP,0.178355
2026-10-01,2026-10-04T16:20:50Z,VLO,VALERO ENERGY CORP,0.177964
2026-10-01,2026-10-04T16:20:50Z,SPGI,S+P GLOBAL INC,0.177412
2026-10-01,2026-10-04T16:20:50Z,CB,CHUBB LTD,0.175833
2026-10-01,2026-10-04T16:20:50Z,MO,ALTRIA GROUP INC,0.169289
2026-10-01,2026-10-04T16:20:50Z,MDT,MEDTRONIC PLC,0.167267
2026-10-01,2026-10-04T16:20:50Z,FTNT,FORTINET INC,0.166689
2026-10-01,2026-10-04T16:20:50Z,CVS,CVS HEALTH CORP,0.164903
2026-10-01,2026-10-04T16:20:50Z,SBUX,STARBUCKS CORP,0.163764
2026-10-01,2026-10-04T16:20:50Z,PSX,PHILLIPS 66,0.159376
2026-10-01,2026-10-04T16:20:50Z,ADP,AUTOMATIC DATA PROCESSING,0.158699
2026-10-01,2026-10-04T16:20:50Z,MCK,MCKESSON CORP,0.158364
2026-10-01,2026-10-04T16:20:50Z,LMT,LOCKHEED MARTIN CORP,0.155427
2026-10-01,2026-10-04T16:20:50Z,LOW,LOWE S COS INC,0.154697
2026-10-01,2026-10-04T16:20:50Z,TT,TRANE TECHNOLOGIES PLC,0.152597
2026-10-01,2026-10-04T16:20:50Z,EQIX,EQUINIX INC,0.151367
2026-10-01,2026-10-04T16:20:50Z,PWR,QUANTA SERVICES INC,0.150555
2026-10-01,2026-10-04T16:20:50Z,FCX,FREEPORT MCMORAN INC,0.150368
2026-10-01,2026-10-04T16:20:50Z,BNY,BANK OF NEW YORK MELLON CORP,0.147594
2026-10-01,2026-10-04T16:20:50Z,CDNS,CADENCE DESIGN SYS INC,0.146166
2026-10-01,2026-10-04T16:20:50Z,SO,SOUTHERN CO/THE,0.145312
2026-10-01,2026-10-04T16:20:50Z,ADBE,ADOBE INC,0.144962
2026-10-01,2026-10-04T16:20:50Z,SYK,STRYKER CORP,0.144191
2026-10-01,2026-10-04T16:20:50Z,CME,CME GROUP INC,0.144071
2026-10-01,2026-10-04T16:20:50Z,VRT,VERTIV HOLDINGS CO A,0.143398
2026-10-01,2026-10-04T16:20:50Z,SNPS,SYNOPSYS INC,0.142155
2026-10-01,2026-10-04T16:20:50Z,LITE,LUMENTUM HOLDINGS INC,0.140204
2026-10-01,2026-10-04T16:20:50Z,DDOG,DATADOG INC   CLASS A,0.140123
2026-10-01,2026-10-04T16:20:50Z,JCI,JOHNSON CONTROLS INTERNATION,0.138917
2026-10-01,2026-10-04T16:20:50Z,HWM,HOWMET AEROSPACE INC,0.137628
2026-10-01,2026-10-04T16:20:50Z,USB,US BANCORP,0.135247
2026-10-01,2026-10-04T16:20:50Z,DUK,DUKE ENERGY CORP,0.134246
2026-10-01,2026-10-04T16:20:50Z,EMR,EMERSON ELECTRIC CO,0.133643
2026-10-01,2026-10-04T16:20:50Z,PNC,PNC FINANCIAL SERVICES GROUP,0.133282
2026-10-01,2026-10-04T16:20:50Z,HOOD,ROBINHOOD MARKETS INC   A,0.133133
2026-10-01,2026-10-04T16:20:50Z,CSX,CSX CORP,0.130283
2026-10-01,2026-10-04T16:20:50Z,HPE,HEWLETT PACKARD ENTERPRISE,0.129209
2026-10-01,2026-10-04T16:20:50Z,CEG,CONSTELLATION ENERGY,0.129103
2026-10-01,2026-10-04T16:20:50Z,ICE,INTERCONTINENTAL EXCHANGE IN,0.128679
2026-10-01,2026-10-04T16:20:50Z,WMB,WILLIAMS COS INC,0.128249
2026-10-01,2026-10-04T16:20:50Z,GD,GENERAL DYNAMICS CORP,0.128159
2026-10-01,2026-10-04T16:20:50Z,BX,BLACKSTONE INC,0.1275
2026-10-01,2026-10-04T16:20:50Z,MMM,3M CO,0.127039
2026-10-01,2026-10-04T16:20:50Z,ELV,ELEVANCE HEALTH INC,0.125074
2026-10-01,2026-10-04T16:20:50Z,MRSH,MARSH + MCLENNAN COS,0.124108
2026-10-01,2026-10-04T16:20:50Z,BE,BLOOM ENERGY CORP  A,0.123719
2026-10-01,2026-10-04T16:20:50Z,TMUS,T MOBILE US INC,0.118142
2026-10-01,2026-10-04T16:20:50Z,WBD,WARNER BROS DISCOVERY INC,0.117595
2026-10-01,2026-10-04T16:20:50Z,INTU,INTUIT INC,0.116881
2026-10-01,2026-10-04T16:20:50Z,CMCSA,COMCAST CORP CLASS A,0.116041
2026-10-01,2026-10-04T16:20:50Z,APP,APPLOVIN CORP CLASS A,0.115358
2026-10-01,2026-10-04T16:20:50Z,MAR,MARRIOTT INTERNATIONAL  CL A,0.114613
2026-10-01,2026-10-04T16:20:50Z,TRV,TRAVELERS COS INC/THE,0.113977
2026-10-01,2026-10-04T16:20:50Z,AMT,AMERICAN TOWER CORP,0.113864
2026-10-01,2026-10-04T16:20:50Z,WM,WASTE MANAGEMENT INC,0.113583
2026-10-01,2026-10-04T16:20:50Z,ROST,ROSS STORES INC,0.113439
2026-10-01,2026-10-04T16:20:50Z,EOG,EOG RESOURCES INC,0.112168
2026-10-01,2026-10-04T16:20:50Z,MSI,MOTOROLA SOLUTIONS INC,0.112031
2026-10-01,2026-10-04T16:20:50Z,MDLZ,MONDELEZ INTERNATIONAL INC A,0.111383
2026-10-01,2026-10-04T16:20:50Z,SHW,SHERWIN WILLIAMS CO/THE,0.110585
2026-10-01,2026-10-04T16:20:50Z,SLB,SLB LTD,0.10911
2026-10-01,2026-10-04T16:20:50Z,REGN,REGENERON PHARMACEUTICALS,0.108858
2026-10-01,2026-10-04T16:20:50Z,TGT,TARGET CORP,0.107808
2026-10-01,2026-10-04T16:20:50Z,CMI,CUMMINS INC,0.107533
2026-10-01,2026-10-04T16:20:50Z,HLT,HILTON WORLDWIDE HOLDINGS IN,0.107235
2026-10-01,2026-10-04T16:20:50Z,CI,THE CIGNA GROUP,0.107158
2026-10-01,2026-10-04T16:20:50Z,UPS,UNITED PARCEL SERVICE CL B,0.106388
2026-10-01,2026-10-04T16:20:50Z,MRNA,MODERNA INC,0.106167
2026-10-01,2026-10-04T16:20:50Z,NSC,NORFOLK SOUTHERN CORP,0.1055
2026-10-01,2026-10-04T16:20:50Z,GM,GENERAL MOTORS CO,0.105136
2026-10-01,2026-10-04T16:20:50Z,ORLY,O REILLY AUTOMOTIVE INC,0.104099
2026-10-01,2026-10-04T16:20:50Z,DASH,DOORDASH INC   A,0.103729
2026-10-01,2026-10-04T16:20:50Z,ECL,ECOLAB INC,0.10338
2026-10-01,2026-10-04T16:20:50Z,HON,HONEYWELL INTERNATIONAL INC,0.102798
2026-10-01,2026-10-04T16:20:50Z,ITW,ILLINOIS TOOL WORKS,0.102307
2026-10-01,2026-10-04T16:20:50Z,CL,COLGATE PALMOLIVE CO,0.101978
2026-10-01,2026-10-04T16:20:50Z,CTAS,CINTAS CORP,0.101872
2026-10-01,2026-10-04T16:20:50Z,ABNB,AIRBNB INC CLASS A,0.101774
2026-10-01,2026-10-04T16:20:50Z,RCL,ROYAL CARIBBEAN CRUISES LTD,0.101423
2026-10-01,2026-10-04T16:20:50Z,MPWR,MONOLITHIC POWER SYSTEMS INC,0.101403
2026-10-01,2026-10-04T16:20:50Z,MCO,MOODY S CORP,0.100827
2026-10-01,2026-10-04T16:20:50Z,AEP,AMERICAN ELECTRIC POWER,0.098877
2026-10-01,2026-10-04T16:20:50Z,TER,TERADYNE INC,0.098715
2026-10-01,2026-10-04T16:20:50Z,SPG,SIMON PROPERTY GROUP INC,0.098324
2026-10-01,2026-10-04T16:20:50Z,NOC,NORTHROP GRUMMAN CORP,0.097642
2026-10-01,2026-10-04T16:20:50Z,URI,UNITED RENTALS INC,0.097407
2026-10-01,2026-10-04T16:20:50Z,KEYS,KEYSIGHT TECHNOLOGIES IN,0.097076
2026-10-01,2026-10-04T16:20:50Z,KKR,KKR + CO INC,0.095725
2026-10-01,2026-10-04T16:20:50Z,FDX,FEDEX CORP,0.095627
2026-10-01,2026-10-04T16:20:50Z,TEL,TE CONNECTIVITY PLC,0.095401
2026-10-01,2026-10-04T16:20:50Z,COHR,COHERENT CORP,0.094754
2026-10-01,2026-10-04T16:20:50Z,BSX,BOSTON SCIENTIFIC CORP,0.09462
2026-10-01,2026-10-04T16:20:50Z,HCA,HCA HEALTHCARE INC,0.094325
2026-10-01,2026-10-04T16:20:50Z,DLR,DIGITAL REALTY TRUST INC,0.093888
2026-10-01,2026-10-04T16:20:50Z,APD,AIR PRODUCTS + CHEMICALS INC,0.092399
2026-10-01,2026-10-04T16:20:50Z,TDG,TRANSDIGM GROUP INC,0.091594
2026-10-01,2026-10-04T16:20:50Z,NXPI,NXP SEMICONDUCTORS NV,0.091283
2026-10-01,2026-10-04T16:20:50Z,MNST,MONSTER BEVERAGE CORP,0.091267
2026-10-01,2026-10-04T16:20:50Z,KMI,KINDER MORGAN INC,0.090708
2026-10-01,2026-10-04T16:20:50Z,TRGP,TARGA RESOURCES CORP,0.090637
2026-10-01,2026-10-04T16:20:50Z,AJG,ARTHUR J GALLAGHER + CO,0.089914
2026-10-01,2026-10-04T16:20:50Z,FIX,COMFORT SYSTEMS USA INC,0.089818
2026-10-01,2026-10-04T16:20:50Z,COR,CENCORA INC,0.089453
2026-10-01,2026-10-04T16:20:50Z,AON,AON PLC CLASS A,0.088412
2026-10-01,2026-10-04T16:20:50Z,PCAR,PACCAR INC,0.0878
2026-10-01,2026-10-04T16:20:50Z,FAST,FASTENAL CO,0.087496
2026-10-01,2026-10-04T16:20:50Z,AME,AMETEK INC,0.086643
2026-10-01,2026-10-04T16:20:50Z,ALL,ALLSTATE CORP,0.085698
2026-10-01,2026-10-04T16:20:50Z,TFC,TRUIST FINANCIAL CORP,0.085374
2026-10-01,2026-10-04T16:20:50Z,GWW,WW GRAINGER INC,0.084044
2026-10-01,2026-10-04T16:20:50Z,BKR,BAKER HUGHES CO,0.083753
2026-10-01,2026-10-04T16:20:50Z,OKE,ONEOK INC,0.083329
2026-10-01,2026-10-04T16:20:50Z,CRH,CRH PLC,0.082074
2026-10-01,2026-10-04T16:20:50Z,APO,APOLLO GLOBAL MANAGEMENT INC,0.081747
2026-10-01,2026-10-04T16:20:50Z,CIEN,CIENA CORP,0.081175
2026-10-01,2026-10-04T16:20:50Z,D,DOMINION ENERGY INC,0.081093
2026-10-01,2026-10-04T16:20:50Z,NUE,NUCOR CORP,0.080847
2026-10-01,2026-10-04T16:20:50Z,CAH,CARDINAL HEALTH INC,0.08078
2026-10-01,2026-10-04T16:20:50Z,DVN,DEVON ENERGY CORP,0.078319
2026-10-01,2026-10-04T16:20:50Z,SRE,SEMPRA,0.07743
2026-10-01,2026-10-04T16:20:50Z,O,REALTY INCOME CORP,0.076652
2026-10-01,2026-10-04T16:20:50Z,MET,METLIFE INC,0.076032
2026-10-01,2026-10-04T16:20:50Z,DAL,DELTA AIR LINES INC,0.075575
2026-10-01,2026-10-04T16:20:50Z,AFL,AFLAC INC,0.075075
2026-10-01,2026-10-04T16:20:50Z,ROK,ROCKWELL AUTOMATION INC,0.074692
2026-10-01,2026-10-04T16:20:50Z,EW,EDWARDS LIFESCIENCES CORP,0.074443
2026-10-01,2026-10-04T16:20:50Z,HONA,HONEYWELL AEROSPACE INC,0.074079
2026-10-01,2026-10-04T16:20:50Z,WAB,WABTEC CORP,0.073385
2026-10-01,2026-10-04T16:20:50Z,BDX,BECTON DICKINSON AND CO,0.073207
2026-10-01,2026-10-04T16:20:50Z,F,FORD MOTOR CO,0.072877
2026-10-01,2026-10-04T16:20:50Z,STT,STATE STREET CORP,0.072411
2026-10-01,2026-10-04T16:20:50Z,PSA,PUBLIC STORAGE,0.072283
2026-10-01,2026-10-04T16:20:50Z,A,AGILENT TECHNOLOGIES INC,0.071478
2026-10-01,2026-10-04T16:20:50Z,ETR,ENTERGY CORP,0.070902
2026-10-01,2026-10-04T16:20:50Z,GRMN,GARMIN LTD,0.070899
2026-10-01,2026-10-04T16:20:50Z,VYLR,VYLOR INC,0.069627
2026-10-01,2026-10-04T16:20:50Z,AZO,AUTOZONE INC,0.069554
2026-10-01,2026-10-04T16:20:50Z,HUM,HUMANA INC,0.069171
2026-10-01,2026-10-04T16:20:50Z,FITB,FIFTH THIRD BANCORP,0.069164
2026-10-01,2026-10-04T16:20:50Z,CARR,CARRIER GLOBAL CORP,0.068884
2026-10-01,2026-10-04T16:20:50Z,CVNA,CARVANA CO,0.06853
2026-10-01,2026-10-04T16:20:50Z,PYPL,PAYPAL HOLDINGS INC,0.068495
2026-10-01,2026-10-04T16:20:50Z,ADSK,AUTODESK INC,0.067703
2026-10-01,2026-10-04T16:20:50Z,P,EVERPURE INC A,0.067471
2026-10-01,2026-10-04T16:20:50Z,LHX,L3HARRIS TECHNOLOGIES INC,0.067402
2026-10-01,2026-10-04T16:20:50Z,XEL,XCEL ENERGY INC,0.06684
2026-10-01,2026-10-04T16:20:50Z,VST,VISTRA CORP,0.06672
2026-10-01,2026-10-04T16:20:50Z,AMP,AMERIPRISE FINANCIAL INC,0.065969
2026-10-01,2026-10-04T16:20:50Z,VMRK,VIVMARK RESIDENTIAL,0.065342
2026-10-01,2026-10-04T16:20:50Z,VTR,VENTAS INC,0.064993
2026-10-01,2026-10-04T16:20:50Z,FERG,FERGUSON ENTERPRISES INC,0.064843
2026-10-01,2026-10-04T16:20:50Z,IQV,IQVIA HOLDINGS INC,0.064754
2026-10-01,2026-10-04T16:20:50Z,MCHP,MICROCHIP TECHNOLOGY INC,0.064476
2026-10-01,2026-10-04T16:20:50Z,EBAY,EBAY INC,0.064175
2026-10-01,2026-10-04T16:20:50Z,NKE,NIKE INC  CL B,0.063988
2026-10-01,2026-10-04T16:20:50Z,COIN,COINBASE GLOBAL INC  CLASS A,0.063896
2026-10-01,2026-10-04T16:20:50Z,NTAP,NETAPP INC,0.063856
2026-10-01,2026-10-04T16:20:50Z,VEEV,VEEVA SYSTEMS INC CLASS A,0.063754
2026-10-01,2026-10-04T16:20:50Z,OXY,OCCIDENTAL PETROLEUM CORP,0.063744
2026-10-01,2026-10-04T16:20:50Z,KDP,KEURIG DR PEPPER INC,0.063365
2026-10-01,2026-10-04T16:20:50Z,WAT,WATERS CORP,0.063326
2026-10-01,2026-10-04T16:20:50Z,EXC,EXELON CORP,0.063221
2026-10-01,2026-10-04T16:20:50Z,FLEX,FLEX LTD,0.062933
2026-10-01,2026-10-04T16:20:50Z,IDXX,IDEXX LABORATORIES INC,0.061997
2026-10-01,2026-10-04T16:20:50Z,CMG,CHIPOTLE MEXICAN GRILL INC,0.061705
2026-10-01,2026-10-04T16:20:50Z,NDAQ,NASDAQ INC,0.061259
2026-10-01,2026-10-04T16:20:50Z,RSG,REPUBLIC SERVICES INC,0.061001
2026-10-01,2026-10-04T16:20:50Z,ILMN,ILLUMINA INC,0.060716
2026-10-01,2026-10-04T16:20:50Z,XYZ,BLOCK INC,0.060599
2026-10-01,2026-10-04T16:20:50Z,MSCI,MSCI INC,0.060244
2026-10-01,2026-10-04T16:20:50Z,AIG,AMERICAN INTERNATIONAL GROUP,0.059687
2026-10-01,2026-10-04T16:20:50Z,PRU,PRUDENTIAL FINANCIAL INC,0.058876
2026-10-01,2026-10-04T16:20:50Z,IBKR,INTERACTIVE BROKERS GRO CL A,0.058838
2026-10-01,2026-10-04T16:20:50Z,ADM,ARCHER DANIELS MIDLAND CO,0.058157
2026-10-01,2026-10-04T16:20:50Z,ED,CONSOLIDATED EDISON INC,0.0579
2026-10-01,2026-10-04T16:20:50Z,FANG,DIAMONDBACK ENERGY INC,0.057386
2026-10-01,2026-10-04T16:20:50Z,WDAY,WORKDAY INC CLASS A,0.056623
2026-10-01,2026-10-04T16:20:50Z,YUM,YUM  BRANDS INC,0.056453
2026-10-01,2026-10-04T16:20:50Z,CBRE,CBRE GROUP INC   A,0.056115
2026-10-01,2026-10-04T16:20:50Z,SYY,SYSCO CORP,0.056036
2026-10-01,2026-10-04T16:20:50Z,UAL,UNITED AIRLINES HOLDINGS INC,0.055058
2026-10-01,2026-10-04T16:20:50Z,TTWO,TAKE TWO INTERACTIVE SOFTWRE,0.054166
2026-10-01,2026-10-04T16:20:50Z,ROP,ROPER TECHNOLOGIES INC,0.054129
2026-10-01,2026-10-04T16:20:50Z,DHI,DR HORTON INC,0.052604
2026-10-01,2026-10-04T16:20:50Z,AXON,AXON ENTERPRISE INC,0.051908
2026-10-01,2026-10-04T16:20:50Z,HIG,HARTFORD INSURANCE GROUP INC,0.051365
2026-10-01,2026-10-04T16:20:50Z,PEG,PUBLIC SERVICE ENTERPRISE GP,0.051338
2026-10-01,2026-10-04T16:20:50Z,EME,EMCOR GROUP INC,0.051309
2026-10-01,2026-10-04T16:20:50Z,KR,KROGER CO,0.051209
2026-10-01,2026-10-04T16:20:50Z,ODFL,OLD DOMINION FREIGHT LINE,0.050302
2026-10-01,2026-10-04T16:20:50Z,WEC,WEC ENERGY GROUP INC,0.050283
2026-10-01,2026-10-04T16:20:50Z,KVUE,KENVUE INC,0.050173
2026-10-01,2026-10-04T16:20:50Z,IRM,IRON MOUNTAIN INC,0.050173
2026-10-01,2026-10-04T16:20:50Z,BIIB,BIOGEN INC,0.049997
2026-10-01,2026-10-04T16:20:50Z,DXCM,DEXCOM INC,0.049053
2026-10-01,2026-10-04T16:20:50Z,PAYX,PAYCHEX INC,0.048684
2026-10-01,2026-10-04T16:20:50Z,CCL,CARNIVAL CORP LTD,0.048326
2026-10-01,2026-10-04T16:20:50Z,ACGL,ARCH CAPITAL GROUP LTD,0.048283
2026-10-01,2026-10-04T16:20:50Z,RMD,RESMED INC,0.048271
2026-10-01,2026-10-04T16:20:50Z,VMC,VULCAN MATERIALS CO,0.048038
2026-10-01,2026-10-04T16:20:50Z,JBL,JABIL INC,0.047549
2026-10-01,2026-10-04T16:20:50Z,EQT,EQT CORP,0.047544
2026-10-01,2026-10-04T16:20:50Z,KMB,KIMBERLY CLARK CORP,0.047519
2026-10-01,2026-10-04T16:20:50Z,MTB,M + T BANK CORP,0.047309
2026-10-01,2026-10-04T16:20:50Z,ON,ON SEMICONDUCTOR,0.04718
2026-10-01,2026-10-04T16:20:50Z,NTRS,NORTHERN TRUST CORP,0.04685
2026-10-01,2026-10-04T16:20:50Z,HBAN,HUNTINGTON BANCSHARES INC,0.046723
2026-10-01,2026-10-04T16:20:50Z,STLD,STEEL DYNAMICS INC,0.046115
2026-10-01,2026-10-04T16:20:50Z,EXPE,EXPEDIA GROUP INC,0.045632
2026-10-01,2026-10-04T16:20:50Z,CNC,CENTENE CORP,0.045596
2026-10-01,2026-10-04T16:20:50Z,MTD,METTLER TOLEDO INTERNATIONAL,0.045185
2026-10-01,2026-10-04T16:20:50Z,HPQ,HP INC,0.044649
2026-10-01,2026-10-04T16:20:50Z,CBOE,CBOE GLOBAL MARKETS INC,0.044091
2026-10-01,2026-10-04T16:20:50Z,GEHC,GE HEALTHCARE TECHNOLOGY,0.043733
2026-10-01,2026-10-04T16:20:50Z,MLM,MARTIN MARIETTA MATERIALS,0.043674
2026-10-01,2026-10-04T16:20:50Z,ZTS,ZOETIS INC,0.043212
2026-10-01,2026-10-04T16:20:50Z,TDY,TELEDYNE TECHNOLOGIES INC,0.043087
2026-10-01,2026-10-04T16:20:50Z,EXR,EXTRA SPACE STORAGE INC,0.042661
2026-10-01,2026-10-04T16:20:50Z,CCI,CROWN CASTLE INC,0.042572
2026-10-01,2026-10-04T16:20:50Z,RJF,RAYMOND JAMES FINANCIAL INC,0.042058
2026-10-01,2026-10-04T16:20:50Z,AEE,AMEREN CORPORATION,0.041835
2026-10-01,2026-10-04T16:20:50Z,WSM,WILLIAMS SONOMA INC,0.041698
2026-10-01,2026-10-04T16:20:50Z,CTSH,COGNIZANT TECH SOLUTIONS A,0.041498
2026-10-01,2026-10-04T16:20:50Z,WTW,WILLIS TOWERS WATSON PLC,0.04099
2026-10-01,2026-10-04T16:20:50Z,CFG,CITIZENS FINANCIAL GROUP,0.04087
2026-10-01,2026-10-04T16:20:50Z,Q,QNITY ELECTRONICS INC,0.04078
2026-10-01,2026-10-04T16:20:50Z,PCG,P G + E CORP,0.040671
2026-10-01,2026-10-04T16:20:50Z,HAL,HALLIBURTON CO,0.040399
2026-10-01,2026-10-04T16:20:50Z,LYV,LIVE NATION ENTERTAINMENT IN,0.040074
2026-10-01,2026-10-04T16:20:50Z,ATO,ATMOS ENERGY CORP,0.039996
2026-10-01,2026-10-04T16:20:50Z,DG,DOLLAR GENERAL CORP,0.039788
2026-10-01,2026-10-04T16:20:50Z,ARES,ARES MANAGEMENT CORP   A,0.039504
2026-10-01,2026-10-04T16:20:50Z,WST,WEST PHARMACEUTICAL SERVICES,0.039135
2026-10-01,2026-10-04T16:20:50Z,IR,INGERSOLL RAND INC,0.039126
2026-10-01,2026-10-04T16:20:50Z,DTE,DTE ENERGY COMPANY,0.038919
2026-10-01,2026-10-04T16:20:50Z,DGX,QUEST DIAGNOSTICS INC,0.038817
2026-10-01,2026-10-04T16:20:50Z,CPAY,CORPAY INC,0.038664
2026-10-01,2026-10-04T16:20:50Z,DOV,DOVER CORP,0.038462
2026-10-01,2026-10-04T16:20:50Z,AWK,AMERICAN WATER WORKS CO INC,0.038454
2026-10-01,2026-10-04T16:20:50Z,FFIV,F5 INC,0.037946
2026-10-01,2026-10-04T16:20:50Z,VICI,VICI PROPERTIES INC,0.037874
2026-10-01,2026-10-04T16:20:50Z,CINF,CINCINNATI FINANCIAL CORP,0.037665
2026-10-01,2026-10-04T16:20:50Z,HUBB,HUBBELL INC,0.037468
2026-10-01,2026-10-04T16:20:50Z,PPL,PPL CORP,0.037402
2026-10-01,2026-10-04T16:20:50Z,EXPD,EXPEDITORS INTL WASH INC,0.037254
2026-10-01,2026-10-04T16:20:50Z,LH,LABCORP HOLDINGS INC,0.037204
2026-10-01,2026-10-04T16:20:50Z,OTIS,OTIS WORLDWIDE CORP,0.037146
2026-10-01,2026-10-04T16:20:50Z,CNP,CENTERPOINT ENERGY INC,0.036932
2026-10-01,2026-10-04T16:20:50Z,FISV,FISERV INC,0.036717
2026-10-01,2026-10-04T16:20:50Z,ES,EVERSOURCE ENERGY,0.036652
2026-10-01,2026-10-04T16:20:50Z,SMCI,SUPER MICRO COMPUTER INC,0.035797
2026-10-01,2026-10-04T16:20:50Z,TPR,TAPESTRY INC,0.03578
2026-10-01,2026-10-04T16:20:50Z,XYL,XYLEM INC,0.035646
2026-10-01,2026-10-04T16:20:50Z,PPG,PPG INDUSTRIES INC,0.035397
2026-10-01,2026-10-04T16:20:50Z,VRSN,VERISIGN INC,0.035285
2026-10-01,2026-10-04T16:20:50Z,HSY,HERSHEY CO/THE,0.035094
2026-10-01,2026-10-04T16:20:50Z,SYF,SYNCHRONY FINANCIAL,0.035025
2026-10-01,2026-10-04T16:20:50Z,RF,REGIONS FINANCIAL CORP,0.034912
2026-10-01,2026-10-04T16:20:50Z,VLTO,VERALTO CORP,0.034903
2026-10-01,2026-10-04T16:20:50Z,ULTA,ULTA BEAUTY INC,0.034798
2026-10-01,2026-10-04T16:20:50Z,CASY,CASEY S GENERAL STORES INC,0.034793
2026-10-01,2026-10-04T16:20:50Z,CPRT,COPART INC,0.034616
2026-10-01,2026-10-04T16:20:50Z,TROW,T ROWE PRICE GROUP INC,0.034403
2026-10-01,2026-10-04T16:20:50Z,FE,FIRSTENERGY CORP,0.034279
2026-10-01,2026-10-04T16:20:50Z,SW,SMURFIT WESTROCK PLC,0.034277
2026-10-01,2026-10-04T16:20:50Z,DRI,DARDEN RESTAURANTS INC,0.033925
2026-10-01,2026-10-04T16:20:50Z,CHD,CHURCH + DWIGHT CO INC,0.033753
2026-10-01,2026-10-04T16:20:50Z,EL,ESTEE LAUDER COMPANIES CL A,0.033741
2026-10-01,2026-10-04T16:20:50Z,VRSK,VERISK ANALYTICS INC,0.03347
2026-10-01,2026-10-04T16:20:50Z,DLTR,DOLLAR TREE INC,0.033279
2026-10-01,2026-10-04T16:20:50Z,PFG,PRINCIPAL FINANCIAL GROUP,0.033097
2026-10-01,2026-10-04T16:20:50Z,RDDT,REDDIT INC CL A,0.033056
2026-10-01,2026-10-04T16:20:50Z,PHM,PULTEGROUP INC,0.033003
2026-10-01,2026-10-04T16:20:50Z,IFF,INTL FLAVORS + FRAGRANCES,0.032274
2026-10-01,2026-10-04T16:20:50Z,EIX,EDISON INTERNATIONAL,0.031413
2026-10-01,2026-10-04T16:20:50Z,STE,STERIS PLC,0.031145
2026-10-01,2026-10-04T16:20:50Z,NRG,NRG ENERGY INC,0.031026
2026-10-01,2026-10-04T16:20:50Z,LUV,SOUTHWEST AIRLINES CO,0.031025
2026-10-01,2026-10-04T16:20:50Z,OMC,OMNICOM GROUP,0.031016
2026-10-01,2026-10-04T16:20:50Z,PKG,PACKAGING CORP OF AMERICA,0.030858
2026-10-01,2026-10-04T16:20:50Z,VTRS,VIATRIS INC,0.030349
2026-10-01,2026-10-04T16:20:50Z,CMS,CMS ENERGY CORP,0.030199
2026-10-01,2026-10-04T16:20:50Z,INCY,INCYTE CORP,0.03018
2026-10-01,2026-10-04T16:20:50Z,DOW,DOW INC,0.030073
2026-10-01,2026-10-04T16:20:50Z,EXE,EXPAND ENERGY CORP,0.029929
2026-10-01,2026-10-04T16:20:50Z,TPL,TEXAS PACIFIC LAND CORP,0.029855
2026-10-01,2026-10-04T16:20:50Z,KHC,KRAFT HEINZ CO/THE,0.029422
2026-10-01,2026-10-04T16:20:50Z,AMCR,AMCOR PLC,0.029129
2026-10-01,2026-10-04T16:20:50Z,SNA,SNAP ON INC,0.028907
2026-10-01,2026-10-04T16:20:50Z,NI,NISOURCE INC,0.028657
2026-10-01,2026-10-04T16:20:50Z,FSLR,FIRST SOLAR INC,0.02804
2026-10-01,2026-10-04T16:20:50Z,BR,BROADRIDGE FINANCIAL SOLUTIO,0.027808
2026-10-01,2026-10-04T16:20:50Z,EVRG,EVERGY INC,0.027567
2026-10-01,2026-10-04T16:20:50Z,KEY,KEYCORP,0.027522
2026-10-01,2026-10-04T16:20:50Z,CHRW,C.H. ROBINSON WORLDWIDE INC,0.027389
2026-10-01,2026-10-04T16:20:50Z,ZBRA,ZEBRA TECHNOLOGIES CORP CL A,0.027129
2026-10-01,2026-10-04T16:20:50Z,GPN,GLOBAL PAYMENTS INC,0.027005
2026-10-01,2026-10-04T16:20:50Z,BRO,BROWN + BROWN INC,0.026898
2026-10-01,2026-10-04T16:20:50Z,DD,DUPONT DE NEMOURS INC,0.026587
2026-10-01,2026-10-04T16:20:50Z,NDSN,NORDSON CORP,0.026471
2026-10-01,2026-10-04T16:20:50Z,ESS,ESSEX PROPERTY TRUST INC,0.026272
2026-10-01,2026-10-04T16:20:50Z,CF,CF INDUSTRIES HOLDINGS INC,0.026229
2026-10-01,2026-10-04T16:20:50Z,BBY,BEST BUY CO INC,0.02618
2026-10-01,2026-10-04T16:20:50Z,L,LOEWS CORP,0.026139
2026-10-01,2026-10-04T16:20:50Z,GPC,GENUINE PARTS CO,0.026135
2026-10-01,2026-10-04T16:20:50Z,IP,INTERNATIONAL PAPER CO,0.026075
2026-10-01,2026-10-04T16:20:50Z,FIS,FIDELITY NATIONAL INFO SERV,0.025963
2026-10-01,2026-10-04T16:20:50Z,FTV,FORTIVE CORP,0.025829
2026-10-01,2026-10-04T16:20:50Z,IEX,IDEX CORP,0.025737
2026-10-01,2026-10-04T16:20:50Z,STZ,CONSTELLATION BRANDS INC A,0.025694
2026-10-01,2026-10-04T16:20:50Z,JBHT,HUNT (JB) TRANSPRT SVCS INC,0.025672
2026-10-01,2026-10-04T16:20:50Z,GIS,GENERAL MILLS INC,0.025649
2026-10-01,2026-10-04T16:20:50Z,CDW,CDW CORP/DE,0.02552
2026-10-01,2026-10-04T16:20:50Z,SBAC,SBA COMMUNICATIONS CORP,0.025426
2026-10-01,2026-10-04T16:20:50Z,ZBH,ZIMMER BIOMET HOLDINGS INC,0.025417
2026-10-01,2026-10-04T16:20:50Z,BG,BUNGE GLOBAL SA,0.025416
2026-10-01,2026-10-04T16:20:50Z,TSCO,TRACTOR SUPPLY COMPANY,0.025247
2026-10-01,2026-10-04T16:20:50Z,RVTY,REVVITY INC,0.025231
2026-10-01,2026-10-04T16:20:50Z,J,JACOBS SOLUTIONS INC,0.025043
2026-10-01,2026-10-04T16:20:50Z,EFX,EQUIFAX INC,0.024844
2026-10-01,2026-10-04T16:20:50Z,LNT,ALLIANT ENERGY CORP,0.024833
2026-10-01,2026-10-04T16:20:50Z,LEN,LENNAR CORP A,0.023866
2026-10-01,2026-10-04T16:20:50Z,PTC,PTC INC,0.023844
2026-10-01,2026-10-04T16:20:50Z,WRB,WR BERKLEY CORP,0.023612
2026-10-01,2026-10-04T16:20:50Z,AKAM,AKAMAI TECHNOLOGIES INC,0.023582
2026-10-01,2026-10-04T16:20:50Z,HST,HOST HOTELS + RESORTS INC,0.023339
2026-10-01,2026-10-04T16:20:50Z,LDOS,LEIDOS HOLDINGS INC,0.023284
2026-10-01,2026-10-04T16:20:50Z,APA,APA CORP,0.02324
2026-10-01,2026-10-04T16:20:50Z,NVR,NVR INC,0.023078
2026-10-01,2026-10-04T16:20:50Z,BALL,BALL CORP,0.022823
2026-10-01,2026-10-04T16:20:50Z,KIM,KIMCO REALTY CORP,0.022728
2026-10-01,2026-10-04T16:20:50Z,LYB,LYONDELLBASELL INDU CL A,0.022721
2026-10-01,2026-10-04T16:20:50Z,TSN,TYSON FOODS INC CL A,0.021608
2026-10-01,2026-10-04T16:20:50Z,FICO,FAIR ISAAC CORP,0.021606
2026-10-01,2026-10-04T16:20:50Z,INVH,INVITATION HOMES INC,0.021473
2026-10-01,2026-10-04T16:20:50Z,CRL,CHARLES RIVER LABORATORIES,0.020968
2026-10-01,2026-10-04T16:20:50Z,RL,RALPH LAUREN CORP,0.020697
2026-10-01,2026-10-04T16:20:50Z,MAA,MID AMERICA APARTMENT COMM,0.020549
2026-10-01,2026-10-04T16:20:50Z,IVZ,INVESCO LTD,0.020505
2026-10-01,2026-10-04T16:20:50Z,DOC,HEALTHPEAK PROPERTIES INC,0.020418
2026-10-01,2026-10-04T16:20:50Z,TRMB,TRIMBLE INC,0.020352
2026-10-01,2026-10-04T16:20:50Z,TXT,TEXTRON INC,0.02031
2026-10-01,2026-10-04T16:20:50Z,SWK,STANLEY BLACK + DECKER INC,0.020278
2026-10-01,2026-10-04T16:20:50Z,WY,WEYERHAEUSER CO,0.02019
2026-10-01,2026-10-04T16:20:50Z,MAS,MASCO CORP,0.020182
2026-10-01,2026-10-04T16:20:50Z,FDXF,FEDEX FREIGHT HOLDING CO,0.020033
2026-10-01,2026-10-04T16:20:50Z,AIZ,ASSURANT INC,0.020029
2026-10-01,2026-10-04T16:20:50Z,AVY,AVERY DENNISON CORP,0.019916
2026-10-01,2026-10-04T16:20:50Z,EG,EVEREST GROUP LTD,0.019907
2026-10-01,2026-10-04T16:20:50Z,ALLE,ALLEGION PLC,0.019884
2026-10-01,2026-10-04T16:20:50Z,GL,GLOBE LIFE INC,0.019529
2026-10-01,2026-10-04T16:20:50Z,SOLV,SOLVENTUM CORP,0.019221
2026-10-01,2026-10-04T16:20:50Z,HAS,HASBRO INC,0.019209
2026-10-01,2026-10-04T16:20:50Z,TYL,TYLER TECHNOLOGIES INC,0.01903
2026-10-01,2026-10-04T16:20:50Z,SWKS,SKYWORKS SOLUTIONS INC,0.01898
2026-10-01,2026-10-04T16:20:50Z,CHTR,CHARTER COMMUNICATIONS INC A,0.018845
2026-10-01,2026-10-04T16:20:50Z,ALB,ALBEMARLE CORP,0.018771
2026-10-01,2026-10-04T16:20:50Z,SJM,JM SMUCKER CO/THE,0.018769
2026-10-01,2026-10-04T16:20:50Z,BAX,BAXTER INTERNATIONAL INC,0.018613
2026-10-01,2026-10-04T16:20:50Z,GDDY,GODADDY INC   CLASS A,0.018586
2026-10-01,2026-10-04T16:20:50Z,FOXA,FOX CORP   CLASS A,0.018553
2026-10-01,2026-10-04T16:20:50Z,ECHO,ECHOSTAR CORP A,0.01849
2026-10-01,2026-10-04T16:20:50Z,GNRC,GENERAC HOLDINGS INC,0.018402
2026-10-01,2026-10-04T16:20:50Z,IT,GARTNER INC,0.01822
2026-10-01,2026-10-04T16:20:50Z,GEN,GEN DIGITAL INC,0.018139
2026-10-01,2026-10-04T16:20:50Z,REG,REGENCY CENTERS CORP,0.017961
2026-10-01,2026-10-04T16:20:50Z,PNW,PINNACLE WEST CAPITAL,0.017413
2026-10-01,2026-10-04T16:20:50Z,LII,LENNOX INTERNATIONAL INC,0.017309
2026-10-01,2026-10-04T16:20:50Z,TECH,BIO TECHNE CORP,0.017227
2026-10-01,2026-10-04T16:20:50Z,CSGP,COSTAR GROUP INC,0.017176
2026-10-01,2026-10-04T16:20:50Z,MKC,MCCORMICK + CO NON VTG SHRS,0.017065
2026-10-01,2026-10-04T16:20:50Z,COO,COOPER COS INC/THE,0.016995
2026-10-01,2026-10-04T16:20:50Z,HII,HUNTINGTON INGALLS INDUSTRIE,0.016329
2026-10-01,2026-10-04T16:20:50Z,DECK,DECKERS OUTDOOR CORP,0.016207
2026-10-01,2026-10-04T16:20:50Z,AES,AES CORP,0.016146
2026-10-01,2026-10-04T16:20:50Z,NWSA,NEWS CORP   CLASS A,0.015852
2026-10-01,2026-10-04T16:20:50Z,TKO,TKO GROUP HOLDINGS INC,0.015797
2026-10-01,2026-10-04T16:20:50Z,JKHY,JACK HENRY + ASSOCIATES INC,0.015506
2026-10-01,2026-10-04T16:20:50Z,LULU,LULULEMON ATHLETICA INC,0.01523
2026-10-01,2026-10-04T16:20:50Z,UDR,UDR INC,0.015106
2026-10-01,2026-10-04T16:20:50Z,FDS,FACTSET RESEARCH SYSTEMS INC,0.014951
2026-10-01,2026-10-04T16:20:50Z,CLX,CLOROX COMPANY,0.014879
2026-10-01,2026-10-04T16:20:50Z,DPZ,DOMINO S PIZZA INC,0.014766
2026-10-01,2026-10-04T16:20:50Z,CPT,CAMDEN PROPERTY TRUST,0.014736
2026-10-01,2026-10-04T16:20:50Z,BXP,BXP INC,0.014554
2026-10-01,2026-10-04T16:20:50Z,ALGN,ALIGN TECHNOLOGY INC,0.014526
2026-10-01,2026-10-04T16:20:50Z,BEN,FRANKLIN TEMPLETON INC,0.014303
2026-10-01,2026-10-04T16:20:50Z,LVS,LAS VEGAS SANDS CORP,0.014211
2026-10-01,2026-10-04T16:20:50Z,APTV,APTIV PLC,0.014129
2026-10-01,2026-10-04T16:20:50Z,PODD,INSULET CORP,0.013746
2026-10-01,2026-10-04T16:20:50Z,UHS,UNIVERSAL HEALTH SERVICES B,0.013696
2026-10-01,2026-10-04T16:20:50Z,ROL,ROLLINS INC,0.013631
2026-10-01,2026-10-04T16:20:50Z,PNR,PENTAIR PLC,0.012963
2026-10-01,2026-10-04T16:20:50Z,FRT,FEDERAL REALTY INVS TRUST,0.012932
2026-10-01,2026-10-04T16:20:50Z,CTVA,CORTEVA INC,0.012692
2026-10-01,2026-10-04T16:20:50Z,HSIC,HENRY SCHEIN INC,0.012473
2026-10-01,2026-10-04T16:20:50Z,FOX,FOX CORP   CLASS B,0.011167
2026-10-01,2026-10-04T16:20:50Z,ARE,ALEXANDRIA REAL ESTATE EQUIT,0.011153
2026-10-01,2026-10-04T16:20:50Z,MOS,MOSAIC CO/THE,0.01047
2026-10-01,2026-10-04T16:20:50Z,NCLH,NORWEGIAN CRUISE LINE HOLDIN,0.010269
2026-10-01,2026-10-04T16:20:50Z,AOS,SMITH (A.O.) CORP,0.009622
2026-10-01,2026-10-04T16:20:50Z,DVA,DAVITA INC,0.009031
2026-10-01,2026-10-04T16:20:50Z,HRL,HORMEL FOODS CORP,0.008834
2026-10-01,2026-10-04T16:20:50Z,ERIE,ERIE INDEMNITY COMPANY CL A,0.008559
2026-10-01,2026-10-04T16:20:50Z,WYNN,WYNN RESORTS LTD,0.008364
2026-10-01,2026-10-04T16:20:50Z,MGM,MGM RESORTS INTERNATIONAL,0.008121
2026-10-01,2026-10-04T16:20:50Z,PSKY,PARAMOUNT SKYDANCE CL B,0.007706
2026-10-01,2026-10-04T16:20:50Z,BF-B,BROWN FORMAN CORP CLASS B,0.006961
2026-10-01,2026-10-04T16:20:50Z,NWS,NEWS CORP   CLASS B,0.005819
