holdings_as_of,downloaded_at_utc,source_ticker,name,weight
2026-07-09,2026-07-12T13:10:08Z,NVDA,NVIDIA CORP,7.57192
2026-07-09,2026-07-12T13:10:08Z,AAPL,APPLE INC,7.160304
2026-07-09,2026-07-12T13:10:08Z,MSFT,MICROSOFT CORP,4.401912
2026-07-09,2026-07-12T13:10:08Z,AMZN,AMAZON.COM INC,3.728328
2026-07-09,2026-07-12T13:10:08Z,GOOGL,ALPHABET INC CL A,3.244474
2026-07-09,2026-07-12T13:10:08Z,AVGO,BROADCOM INC,2.927995
2026-07-09,2026-07-12T13:10:08Z,GOOG,ALPHABET INC CL C,2.595937
2026-07-09,2026-07-12T13:10:08Z,META,META PLATFORMS INC CLASS A,2.138126
2026-07-09,2026-07-12T13:10:08Z,TSLA,TESLA INC,1.764722
2026-07-09,2026-07-12T13:10:08Z,MU,MICRON TECHNOLOGY INC,1.724217
2026-07-09,2026-07-12T13:10:08Z,LLY,ELI LILLY + CO,1.484326
2026-07-09,2026-07-12T13:10:08Z,BRK-B,BERKSHIRE HATHAWAY INC CL B,1.400508
2026-07-09,2026-07-12T13:10:08Z,JPM,JPMORGAN CHASE + CO,1.385985
2026-07-09,2026-07-12T13:10:08Z,AMD,ADVANCED MICRO DEVICES,1.374555
2026-07-09,2026-07-12T13:10:08Z,JNJ,JOHNSON + JOHNSON,0.961738
2026-07-09,2026-07-12T13:10:08Z,V,VISA INC CLASS A SHARES,0.891174
2026-07-09,2026-07-12T13:10:08Z,XOM,EXXONMOBIL HOLDINGS CORP,0.878576
2026-07-09,2026-07-12T13:10:08Z,INTC,INTEL CORP,0.81987
2026-07-09,2026-07-12T13:10:08Z,WMT,WALMART INC,0.758617
2026-07-09,2026-07-12T13:10:08Z,AMAT,APPLIED MATERIALS INC,0.720398
2026-07-09,2026-07-12T13:10:08Z,CSCO,CISCO SYSTEMS INC,0.72018
2026-07-09,2026-07-12T13:10:08Z,LRCX,LAM RESEARCH CORP,0.681083
2026-07-09,2026-07-12T13:10:08Z,ABBV,ABBVIE INC,0.68089
2026-07-09,2026-07-12T13:10:08Z,CAT,CATERPILLAR INC,0.666528
2026-07-09,2026-07-12T13:10:08Z,MA,MASTERCARD INC   A,0.651048
2026-07-09,2026-07-12T13:10:08Z,COST,COSTCO WHOLESALE CORP,0.624191
2026-07-09,2026-07-12T13:10:08Z,UNH,UNITEDHEALTH GROUP INC,0.604107
2026-07-09,2026-07-12T13:10:08Z,BAC,BANK OF AMERICA CORP,0.596111
2026-07-09,2026-07-12T13:10:08Z,GE,GENERAL ELECTRIC,0.577262
2026-07-09,2026-07-12T13:10:08Z,PG,PROCTER + GAMBLE CO/THE,0.526939
2026-07-09,2026-07-12T13:10:08Z,HD,HOME DEPOT INC,0.519887
2026-07-09,2026-07-12T13:10:08Z,CVX,CHEVRON CORP,0.502093
2026-07-09,2026-07-12T13:10:08Z,KO,COCA COLA CO/THE,0.493026
2026-07-09,2026-07-12T13:10:08Z,NFLX,NETFLIX INC,0.48969
2026-07-09,2026-07-12T13:10:08Z,GS,GOLDMAN SACHS GROUP INC,0.480026
2026-07-09,2026-07-12T13:10:08Z,MRK,MERCK + CO. INC.,0.476165
2026-07-09,2026-07-12T13:10:08Z,KLAC,KLA CORP,0.462383
2026-07-09,2026-07-12T13:10:08Z,PLTR,PALANTIR TECHNOLOGIES INC A,0.456536
2026-07-09,2026-07-12T13:10:08Z,GEV,GE VERNOVA INC,0.44523
2026-07-09,2026-07-12T13:10:08Z,PM,PHILIP MORRIS INTERNATIONAL,0.43526
2026-07-09,2026-07-12T13:10:08Z,TXN,TEXAS INSTRUMENTS INC,0.43295
2026-07-09,2026-07-12T13:10:08Z,IBM,INTL BUSINESS MACHINES CORP,0.427839
2026-07-09,2026-07-12T13:10:08Z,SNDK,SANDISK CORP,0.424053
2026-07-09,2026-07-12T13:10:08Z,PANW,PALO ALTO NETWORKS INC,0.422932
2026-07-09,2026-07-12T13:10:08Z,MS,MORGAN STANLEY,0.410459
2026-07-09,2026-07-12T13:10:08Z,WFC,WELLS FARGO + CO,0.409974
2026-07-09,2026-07-12T13:10:08Z,RTX,RTX CORP,0.405218
2026-07-09,2026-07-12T13:10:08Z,ORCL,ORACLE CORP,0.375783
2026-07-09,2026-07-12T13:10:08Z,LIN,LINDE PLC,0.374564
2026-07-09,2026-07-12T13:10:08Z,C,CITIGROUP INC,0.366946
2026-07-09,2026-07-12T13:10:08Z,MRVL,MARVELL TECHNOLOGY INC,0.328251
2026-07-09,2026-07-12T13:10:08Z,CRWD,CROWDSTRIKE HOLDINGS INC   A,0.311515
2026-07-09,2026-07-12T13:10:08Z,QCOM,QUALCOMM INC,0.310605
2026-07-09,2026-07-12T13:10:08Z,APH,AMPHENOL CORP CL A,0.307771
2026-07-09,2026-07-12T13:10:08Z,STX,SEAGATE TECHNOLOGY HOLDINGS,0.307651
2026-07-09,2026-07-12T13:10:08Z,WDC,WESTERN DIGITAL CORP,0.307125
2026-07-09,2026-07-12T13:10:08Z,MCD,MCDONALD S CORP,0.302925
2026-07-09,2026-07-12T13:10:08Z,AMGN,AMGEN INC,0.302311
2026-07-09,2026-07-12T13:10:08Z,TMO,THERMO FISHER SCIENTIFIC INC,0.300662
2026-07-09,2026-07-12T13:10:08Z,ADI,ANALOG DEVICES INC,0.296336
2026-07-09,2026-07-12T13:10:08Z,ANET,ARISTA NETWORKS INC,0.294053
2026-07-09,2026-07-12T13:10:08Z,PEP,PEPSICO INC,0.290544
2026-07-09,2026-07-12T13:10:08Z,AXP,AMERICAN EXPRESS CO,0.284531
2026-07-09,2026-07-12T13:10:08Z,NEE,NEXTERA ENERGY INC,0.280078
2026-07-09,2026-07-12T13:10:08Z,BA,BOEING CO/THE,0.271205
2026-07-09,2026-07-12T13:10:08Z,VZ,VERIZON COMMUNICATIONS INC,0.267414
2026-07-09,2026-07-12T13:10:08Z,UNP,UNION PACIFIC CORP,0.260953
2026-07-09,2026-07-12T13:10:08Z,GILD,GILEAD SCIENCES INC,0.258155
2026-07-09,2026-07-12T13:10:08Z,DIS,WALT DISNEY CO/THE,0.257509
2026-07-09,2026-07-12T13:10:08Z,TJX,TJX COMPANIES INC,0.257309
2026-07-09,2026-07-12T13:10:08Z,SCHW,SCHWAB (CHARLES) CORP,0.256893
2026-07-09,2026-07-12T13:10:08Z,ABT,ABBOTT LABORATORIES,0.253541
2026-07-09,2026-07-12T13:10:08Z,WELL,WELLTOWER INC,0.252664
2026-07-09,2026-07-12T13:10:08Z,ETN,EATON CORP PLC,0.242991
2026-07-09,2026-07-12T13:10:08Z,UBER,UBER TECHNOLOGIES INC,0.233376
2026-07-09,2026-07-12T13:10:08Z,GLW,CORNING INC,0.232329
2026-07-09,2026-07-12T13:10:08Z,DE,DEERE + CO,0.229677
2026-07-09,2026-07-12T13:10:08Z,BLK,BLACKROCK INC,0.22702
2026-07-09,2026-07-12T13:10:08Z,ISRG,INTUITIVE SURGICAL INC,0.224745
2026-07-09,2026-07-12T13:10:08Z,T,AT+T INC,0.222456
2026-07-09,2026-07-12T13:10:08Z,APP,APPLOVIN CORP CLASS A,0.215911
2026-07-09,2026-07-12T13:10:08Z,PFE,PFIZER INC,0.213063
2026-07-09,2026-07-12T13:10:08Z,BKNG,BOOKING HOLDINGS INC,0.209719
2026-07-09,2026-07-12T13:10:08Z,PGR,PROGRESSIVE CORP,0.206812
2026-07-09,2026-07-12T13:10:08Z,CRM,SALESFORCE INC,0.20498
2026-07-09,2026-07-12T13:10:08Z,PLD,PROLOGIS INC,0.203124
2026-07-09,2026-07-12T13:10:08Z,COP,CONOCOPHILLIPS,0.202925
2026-07-09,2026-07-12T13:10:08Z,SPGI,S+P GLOBAL INC,0.202432
2026-07-09,2026-07-12T13:10:08Z,CVS,CVS HEALTH CORP,0.202275
2026-07-09,2026-07-12T13:10:08Z,DELL,DELL TECHNOLOGIES  C,0.200839
2026-07-09,2026-07-12T13:10:08Z,VRTX,VERTEX PHARMACEUTICALS INC,0.19431
2026-07-09,2026-07-12T13:10:08Z,CB,CHUBB LTD,0.193448
2026-07-09,2026-07-12T13:10:08Z,COF,CAPITAL ONE FINANCIAL CORP,0.192015
2026-07-09,2026-07-12T13:10:08Z,VRT,VERTIV HOLDINGS CO A,0.19174
2026-07-09,2026-07-12T13:10:08Z,DHR,DANAHER CORP,0.19036
2026-07-09,2026-07-12T13:10:08Z,SBUX,STARBUCKS CORP,0.187008
2026-07-09,2026-07-12T13:10:08Z,PH,PARKER HANNIFIN CORP,0.184534
2026-07-09,2026-07-12T13:10:08Z,MO,ALTRIA GROUP INC,0.184342
2026-07-09,2026-07-12T13:10:08Z,LOW,LOWE S COS INC,0.183956
2026-07-09,2026-07-12T13:10:08Z,BMY,BRISTOL MYERS SQUIBB CO,0.182442
2026-07-09,2026-07-12T13:10:08Z,SYK,STRYKER CORP,0.174032
2026-07-09,2026-07-12T13:10:08Z,NOW,SERVICENOW INC,0.173089
2026-07-09,2026-07-12T13:10:08Z,HWM,HOWMET AEROSPACE INC,0.168906
2026-07-09,2026-07-12T13:10:08Z,SO,SOUTHERN CO/THE,0.16543
2026-07-09,2026-07-12T13:10:08Z,CDNS,CADENCE DESIGN SYS INC,0.164151
2026-07-09,2026-07-12T13:10:08Z,MDT,MEDTRONIC PLC,0.16311
2026-07-09,2026-07-12T13:10:08Z,LMT,LOCKHEED MARTIN CORP,0.161898
2026-07-09,2026-07-12T13:10:08Z,BNY,BANK OF NEW YORK MELLON CORP,0.161152
2026-07-09,2026-07-12T13:10:08Z,TT,TRANE TECHNOLOGIES PLC,0.160883
2026-07-09,2026-07-12T13:10:08Z,EQIX,EQUINIX INC,0.157228
2026-07-09,2026-07-12T13:10:08Z,FTNT,FORTINET INC,0.157227
2026-07-09,2026-07-12T13:10:08Z,NEM,NEWMONT CORP,0.156077
2026-07-09,2026-07-12T13:10:08Z,PNC,PNC FINANCIAL SERVICES GROUP,0.155371
2026-07-09,2026-07-12T13:10:08Z,PWR,QUANTA SERVICES INC,0.154609
2026-07-09,2026-07-12T13:10:08Z,DUK,DUKE ENERGY CORP,0.150581
2026-07-09,2026-07-12T13:10:08Z,ADP,AUTOMATIC DATA PROCESSING,0.148726
2026-07-09,2026-07-12T13:10:08Z,USB,US BANCORP,0.148168
2026-07-09,2026-07-12T13:10:08Z,MCK,MCKESSON CORP,0.146971
2026-07-09,2026-07-12T13:10:08Z,GD,GENERAL DYNAMICS CORP,0.146611
2026-07-09,2026-07-12T13:10:08Z,CMI,CUMMINS INC,0.143283
2026-07-09,2026-07-12T13:10:08Z,WMB,WILLIAMS COS INC,0.142041
2026-07-09,2026-07-12T13:10:08Z,CSX,CSX CORP,0.141401
2026-07-09,2026-07-12T13:10:08Z,ELV,ELEVANCE HEALTH INC,0.140777
2026-07-09,2026-07-12T13:10:08Z,HOOD,ROBINHOOD MARKETS INC   A,0.140507
2026-07-09,2026-07-12T13:10:08Z,BX,BLACKSTONE INC,0.139929
2026-07-09,2026-07-12T13:10:08Z,ADBE,ADOBE INC,0.138767
2026-07-09,2026-07-12T13:10:08Z,DDOG,DATADOG INC   CLASS A,0.137232
2026-07-09,2026-07-12T13:10:08Z,FCX,FREEPORT MCMORAN INC,0.134176
2026-07-09,2026-07-12T13:10:08Z,CME,CME GROUP INC,0.133938
2026-07-09,2026-07-12T13:10:08Z,MRSH,MARSH + MCLENNAN COS,0.13298
2026-07-09,2026-07-12T13:10:08Z,JCI,JOHNSON CONTROLS INTERNATION,0.132215
2026-07-09,2026-07-12T13:10:08Z,WM,WASTE MANAGEMENT INC,0.131978
2026-07-09,2026-07-12T13:10:08Z,ACN,ACCENTURE PLC CL A,0.131648
2026-07-09,2026-07-12T13:10:08Z,SNPS,SYNOPSYS INC,0.130965
2026-07-09,2026-07-12T13:10:08Z,TMUS,T MOBILE US INC,0.130227
2026-07-09,2026-07-12T13:10:08Z,VLO,VALERO ENERGY CORP,0.128772
2026-07-09,2026-07-12T13:10:08Z,CMCSA,COMCAST CORP CLASS A,0.128253
2026-07-09,2026-07-12T13:10:08Z,MPC,MARATHON PETROLEUM CORP,0.127526
2026-07-09,2026-07-12T13:10:08Z,UPS,UNITED PARCEL SERVICE CL B,0.127489
2026-07-09,2026-07-12T13:10:08Z,MAR,MARRIOTT INTERNATIONAL  CL A,0.125706
2026-07-09,2026-07-12T13:10:08Z,MMM,3M CO,0.124929
2026-07-09,2026-07-12T13:10:08Z,CEG,CONSTELLATION ENERGY,0.123596
2026-07-09,2026-07-12T13:10:08Z,EMR,EMERSON ELECTRIC CO,0.119021
2026-07-09,2026-07-12T13:10:08Z,CI,THE CIGNA GROUP,0.11902
2026-07-09,2026-07-12T13:10:08Z,AMT,AMERICAN TOWER CORP,0.118537
2026-07-09,2026-07-12T13:10:08Z,HLT,HILTON WORLDWIDE HOLDINGS IN,0.118528
2026-07-09,2026-07-12T13:10:08Z,ICE,INTERCONTINENTAL EXCHANGE IN,0.117821
2026-07-09,2026-07-12T13:10:08Z,SHW,SHERWIN WILLIAMS CO/THE,0.117437
2026-07-09,2026-07-12T13:10:08Z,PSX,PHILLIPS 66,0.117349
2026-07-09,2026-07-12T13:10:08Z,AON,AON PLC CLASS A,0.117104
2026-07-09,2026-07-12T13:10:08Z,INTU,INTUIT INC,0.116574
2026-07-09,2026-07-12T13:10:08Z,MDLZ,MONDELEZ INTERNATIONAL INC A,0.115445
2026-07-09,2026-07-12T13:10:08Z,NXPI,NXP SEMICONDUCTORS NV,0.113132
2026-07-09,2026-07-12T13:10:08Z,MCO,MOODY S CORP,0.112827
2026-07-09,2026-07-12T13:10:08Z,CL,COLGATE PALMOLIVE CO,0.112298
2026-07-09,2026-07-12T13:10:08Z,AEP,AMERICAN ELECTRIC POWER,0.112298
2026-07-09,2026-07-12T13:10:08Z,DASH,DOORDASH INC   A,0.112239
2026-07-09,2026-07-12T13:10:08Z,NSC,NORFOLK SOUTHERN CORP,0.112187
2026-07-09,2026-07-12T13:10:08Z,TDG,TRANSDIGM GROUP INC,0.111714
2026-07-09,2026-07-12T13:10:08Z,RCL,ROYAL CARIBBEAN CRUISES LTD,0.110814
2026-07-09,2026-07-12T13:10:08Z,TRV,TRAVELERS COS INC/THE,0.110652
2026-07-09,2026-07-12T13:10:08Z,SPG,SIMON PROPERTY GROUP INC,0.109864
2026-07-09,2026-07-12T13:10:08Z,EOG,EOG RESOURCES INC,0.10968
2026-07-09,2026-07-12T13:10:08Z,ROST,ROSS STORES INC,0.109588
2026-07-09,2026-07-12T13:10:08Z,NOC,NORTHROP GRUMMAN CORP,0.109558
2026-07-09,2026-07-12T13:10:08Z,HON,HONEYWELL INTERNATIONAL INC,0.109146
2026-07-09,2026-07-12T13:10:08Z,HONA,HONEYWELL AEROSPACE INC,0.108999
2026-07-09,2026-07-12T13:10:08Z,SLB,SLB LTD,0.108904
2026-07-09,2026-07-12T13:10:08Z,ORLY,O REILLY AUTOMOTIVE INC,0.10877
2026-07-09,2026-07-12T13:10:08Z,CRH,CRH PLC,0.107526
2026-07-09,2026-07-12T13:10:08Z,ITW,ILLINOIS TOOL WORKS,0.10718
2026-07-09,2026-07-12T13:10:08Z,MSI,MOTOROLA SOLUTIONS INC,0.10676
2026-07-09,2026-07-12T13:10:08Z,ECL,ECOLAB INC,0.106643
2026-07-09,2026-07-12T13:10:08Z,GM,GENERAL MOTORS CO,0.106574
2026-07-09,2026-07-12T13:10:08Z,MNST,MONSTER BEVERAGE CORP,0.106235
2026-07-09,2026-07-12T13:10:08Z,FDX,FEDEX CORP,0.105212
2026-07-09,2026-07-12T13:10:08Z,URI,UNITED RENTALS INC,0.105141
2026-07-09,2026-07-12T13:10:08Z,MPWR,MONOLITHIC POWER SYSTEMS INC,0.104052
2026-07-09,2026-07-12T13:10:08Z,BSX,BOSTON SCIENTIFIC CORP,0.103113
2026-07-09,2026-07-12T13:10:08Z,REGN,REGENERON PHARMACEUTICALS,0.102922
2026-07-09,2026-07-12T13:10:08Z,KKR,KKR + CO INC,0.102633
2026-07-09,2026-07-12T13:10:08Z,WBD,WARNER BROS DISCOVERY INC,0.10177
2026-07-09,2026-07-12T13:10:08Z,APD,AIR PRODUCTS + CHEMICALS INC,0.101621
2026-07-09,2026-07-12T13:10:08Z,CIEN,CIENA CORP,0.100576
2026-07-09,2026-07-12T13:10:08Z,AJG,ARTHUR J GALLAGHER + CO,0.100527
2026-07-09,2026-07-12T13:10:08Z,HPE,HEWLETT PACKARD ENTERPRISE,0.100445
2026-07-09,2026-07-12T13:10:08Z,PCAR,PACCAR INC,0.100045
2026-07-09,2026-07-12T13:10:08Z,COHR,COHERENT CORP,0.098709
2026-07-09,2026-07-12T13:10:08Z,ALL,ALLSTATE CORP,0.098691
2026-07-09,2026-07-12T13:10:08Z,TFC,TRUIST FINANCIAL CORP,0.098688
2026-07-09,2026-07-12T13:10:08Z,HCA,HCA HEALTHCARE INC,0.097938
2026-07-09,2026-07-12T13:10:08Z,KMI,KINDER MORGAN INC,0.097816
2026-07-09,2026-07-12T13:10:08Z,FIX,COMFORT SYSTEMS USA INC,0.09649
2026-07-09,2026-07-12T13:10:08Z,DLR,DIGITAL REALTY TRUST INC,0.096111
2026-07-09,2026-07-12T13:10:08Z,SRE,SEMPRA,0.095376
2026-07-09,2026-07-12T13:10:08Z,ABNB,AIRBNB INC CLASS A,0.09466
2026-07-09,2026-07-12T13:10:08Z,LITE,LUMENTUM HOLDINGS INC,0.094259
2026-07-09,2026-07-12T13:10:08Z,D,DOMINION ENERGY INC,0.094186
2026-07-09,2026-07-12T13:10:08Z,CTAS,CINTAS CORP,0.092946
2026-07-09,2026-07-12T13:10:08Z,TGT,TARGET CORP,0.092465
2026-07-09,2026-07-12T13:10:08Z,GWW,WW GRAINGER INC,0.091398
2026-07-09,2026-07-12T13:10:08Z,O,REALTY INCOME CORP,0.090829
2026-07-09,2026-07-12T13:10:08Z,COR,CENCORA INC,0.090747
2026-07-09,2026-07-12T13:10:08Z,TRGP,TARGA RESOURCES CORP,0.090356
2026-07-09,2026-07-12T13:10:08Z,DAL,DELTA AIR LINES INC,0.089582
2026-07-09,2026-07-12T13:10:08Z,TEL,TE CONNECTIVITY PLC,0.089528
2026-07-09,2026-07-12T13:10:08Z,TER,TERADYNE INC,0.087529
2026-07-09,2026-07-12T13:10:08Z,BKR,BAKER HUGHES CO,0.087516
2026-07-09,2026-07-12T13:10:08Z,OKE,ONEOK INC,0.086948
2026-07-09,2026-07-12T13:10:08Z,CTVA,CORTEVA INC,0.086488
2026-07-09,2026-07-12T13:10:08Z,AFL,AFLAC INC,0.086165
2026-07-09,2026-07-12T13:10:08Z,APO,APOLLO GLOBAL MANAGEMENT INC,0.085226
2026-07-09,2026-07-12T13:10:08Z,KEYS,KEYSIGHT TECHNOLOGIES IN,0.084996
2026-07-09,2026-07-12T13:10:08Z,CAH,CARDINAL HEALTH INC,0.08443
2026-07-09,2026-07-12T13:10:08Z,LHX,L3HARRIS TECHNOLOGIES INC,0.083271
2026-07-09,2026-07-12T13:10:08Z,AME,AMETEK INC,0.08235
2026-07-09,2026-07-12T13:10:08Z,F,FORD MOTOR CO,0.082138
2026-07-09,2026-07-12T13:10:08Z,FAST,FASTENAL CO,0.08205
2026-07-09,2026-07-12T13:10:08Z,CARR,CARRIER GLOBAL CORP,0.081634
2026-07-09,2026-07-12T13:10:08Z,EW,EDWARDS LIFESCIENCES CORP,0.081091
2026-07-09,2026-07-12T13:10:08Z,ETR,ENTERGY CORP,0.080438
2026-07-09,2026-07-12T13:10:08Z,EBAY,EBAY INC,0.080326
2026-07-09,2026-07-12T13:10:08Z,ROK,ROCKWELL AUTOMATION INC,0.080194
2026-07-09,2026-07-12T13:10:08Z,FLEX,FLEX LTD,0.079337
2026-07-09,2026-07-12T13:10:08Z,NKE,NIKE INC  CL B,0.079126
2026-07-09,2026-07-12T13:10:08Z,FITB,FIFTH THIRD BANCORP,0.078824
2026-07-09,2026-07-12T13:10:08Z,NUE,NUCOR CORP,0.07806
2026-07-09,2026-07-12T13:10:08Z,PSA,PUBLIC STORAGE,0.077811
2026-07-09,2026-07-12T13:10:08Z,VST,VISTRA CORP,0.077215
2026-07-09,2026-07-12T13:10:08Z,STT,STATE STREET CORP,0.076882
2026-07-09,2026-07-12T13:10:08Z,AZO,AUTOZONE INC,0.076413
2026-07-09,2026-07-12T13:10:08Z,XEL,XCEL ENERGY INC,0.076067
2026-07-09,2026-07-12T13:10:08Z,MET,METLIFE INC,0.075964
2026-07-09,2026-07-12T13:10:08Z,DVN,DEVON ENERGY CORP,0.074485
2026-07-09,2026-07-12T13:10:08Z,CVNA,CARVANA CO,0.074134
2026-07-09,2026-07-12T13:10:08Z,HUM,HUMANA INC,0.073654
2026-07-09,2026-07-12T13:10:08Z,MCHP,MICROCHIP TECHNOLOGY INC,0.073651
2026-07-09,2026-07-12T13:10:08Z,EXC,EXELON CORP,0.073177
2026-07-09,2026-07-12T13:10:08Z,AXON,AXON ENTERPRISE INC,0.072347
2026-07-09,2026-07-12T13:10:08Z,EA,ELECTRONIC ARTS INC,0.071747
2026-07-09,2026-07-12T13:10:08Z,AMP,AMERIPRISE FINANCIAL INC,0.069328
2026-07-09,2026-07-12T13:10:08Z,YUM,YUM  BRANDS INC,0.06902
2026-07-09,2026-07-12T13:10:08Z,VTR,VENTAS INC,0.068777
2026-07-09,2026-07-12T13:10:08Z,CMG,CHIPOTLE MEXICAN GRILL INC,0.068436
2026-07-09,2026-07-12T13:10:08Z,WAB,WABTEC CORP,0.067959
2026-07-09,2026-07-12T13:10:08Z,IDXX,IDEXX LABORATORIES INC,0.067958
2026-07-09,2026-07-12T13:10:08Z,ADSK,AUTODESK INC,0.067905
2026-07-09,2026-07-12T13:10:08Z,MSCI,MSCI INC,0.067722
2026-07-09,2026-07-12T13:10:08Z,RSG,REPUBLIC SERVICES INC,0.067438
2026-07-09,2026-07-12T13:10:08Z,TTWO,TAKE TWO INTERACTIVE SOFTWRE,0.066057
2026-07-09,2026-07-12T13:10:08Z,IBKR,INTERACTIVE BROKERS GRO CL A,0.065449
2026-07-09,2026-07-12T13:10:08Z,AIG,AMERICAN INTERNATIONAL GROUP,0.064676
2026-07-09,2026-07-12T13:10:08Z,UAL,UNITED AIRLINES HOLDINGS INC,0.064587
2026-07-09,2026-07-12T13:10:08Z,KDP,KEURIG DR PEPPER INC,0.06445
2026-07-09,2026-07-12T13:10:08Z,BDX,BECTON DICKINSON AND CO,0.064096
2026-07-09,2026-07-12T13:10:08Z,XYZ,BLOCK INC,0.063891
2026-07-09,2026-07-12T13:10:08Z,ODFL,OLD DOMINION FREIGHT LINE,0.063734
2026-07-09,2026-07-12T13:10:08Z,CBRE,CBRE GROUP INC   A,0.063694
2026-07-09,2026-07-12T13:10:08Z,ED,CONSOLIDATED EDISON INC,0.06267
2026-07-09,2026-07-12T13:10:08Z,PYPL,PAYPAL HOLDINGS INC,0.061643
2026-07-09,2026-07-12T13:10:08Z,PEG,PUBLIC SERVICE ENTERPRISE GP,0.061604
2026-07-09,2026-07-12T13:10:08Z,GRMN,GARMIN LTD,0.06159
2026-07-09,2026-07-12T13:10:08Z,PRU,PRUDENTIAL FINANCIAL INC,0.061532
2026-07-09,2026-07-12T13:10:08Z,DHI,DR HORTON INC,0.060819
2026-07-09,2026-07-12T13:10:08Z,SYY,SYSCO CORP,0.060484
2026-07-09,2026-07-12T13:10:08Z,NDAQ,NASDAQ INC,0.060295
2026-07-09,2026-07-12T13:10:08Z,ON,ON SEMICONDUCTOR,0.059143
2026-07-09,2026-07-12T13:10:08Z,ADM,ARCHER DANIELS MIDLAND CO,0.058691
2026-07-09,2026-07-12T13:10:08Z,OXY,OCCIDENTAL PETROLEUM CORP,0.058556
2026-07-09,2026-07-12T13:10:08Z,HIG,HARTFORD INSURANCE GROUP INC,0.058555
2026-07-09,2026-07-12T13:10:08Z,PCG,P G + E CORP,0.058339
2026-07-09,2026-07-12T13:10:08Z,A,AGILENT TECHNOLOGIES INC,0.058218
2026-07-09,2026-07-12T13:10:08Z,VMC,VULCAN MATERIALS CO,0.057765
2026-07-09,2026-07-12T13:10:08Z,WEC,WEC ENERGY GROUP INC,0.057708
2026-07-09,2026-07-12T13:10:08Z,WAT,WATERS CORP,0.057023
2026-07-09,2026-07-12T13:10:08Z,KVUE,KENVUE INC,0.056785
2026-07-09,2026-07-12T13:10:08Z,KMB,KIMBERLY CLARK CORP,0.056264
2026-07-09,2026-07-12T13:10:08Z,HBAN,HUNTINGTON BANCSHARES INC,0.055515
2026-07-09,2026-07-12T13:10:08Z,ROP,ROPER TECHNOLOGIES INC,0.055376
2026-07-09,2026-07-12T13:10:08Z,IRM,IRON MOUNTAIN INC,0.054811
2026-07-09,2026-07-12T13:10:08Z,ACGL,ARCH CAPITAL GROUP LTD,0.054573
2026-07-09,2026-07-12T13:10:08Z,FANG,DIAMONDBACK ENERGY INC,0.054468
2026-07-09,2026-07-12T13:10:08Z,COIN,COINBASE GLOBAL INC  CLASS A,0.054342
2026-07-09,2026-07-12T13:10:08Z,JBL,JABIL INC,0.054094
2026-07-09,2026-07-12T13:10:08Z,IQV,IQVIA HOLDINGS INC,0.053785
2026-07-09,2026-07-12T13:10:08Z,MTB,M + T BANK CORP,0.053733
2026-07-09,2026-07-12T13:10:08Z,EME,EMCOR GROUP INC,0.053699
2026-07-09,2026-07-12T13:10:08Z,MLM,MARTIN MARIETTA MATERIALS,0.05296
2026-07-09,2026-07-12T13:10:08Z,PAYX,PAYCHEX INC,0.052846
2026-07-09,2026-07-12T13:10:08Z,CCL,CARNIVAL CORP LTD,0.052818
2026-07-09,2026-07-12T13:10:08Z,KR,KROGER CO,0.052359
2026-07-09,2026-07-12T13:10:08Z,NTRS,NORTHERN TRUST CORP,0.052173
2026-07-09,2026-07-12T13:10:08Z,NTAP,NETAPP INC,0.05217
2026-07-09,2026-07-12T13:10:08Z,CCI,CROWN CASTLE INC,0.051696
2026-07-09,2026-07-12T13:10:08Z,CNC,CENTENE CORP,0.04883
2026-07-09,2026-07-12T13:10:08Z,ZTS,ZOETIS INC,0.048536
2026-07-09,2026-07-12T13:10:08Z,EQT,EQT CORP,0.048367
2026-07-09,2026-07-12T13:10:08Z,DTE,DTE ENERGY COMPANY,0.047884
2026-07-09,2026-07-12T13:10:08Z,AEE,AMEREN CORPORATION,0.047683
2026-07-09,2026-07-12T13:10:08Z,EXPE,EXPEDIA GROUP INC,0.047271
2026-07-09,2026-07-12T13:10:08Z,CASY,CASEY S GENERAL STORES INC,0.046921
2026-07-09,2026-07-12T13:10:08Z,RMD,RESMED INC,0.046623
2026-07-09,2026-07-12T13:10:08Z,EXR,EXTRA SPACE STORAGE INC,0.046476
2026-07-09,2026-07-12T13:10:08Z,STLD,STEEL DYNAMICS INC,0.046426
2026-07-09,2026-07-12T13:10:08Z,Q,QNITY ELECTRONICS INC,0.046279
2026-07-09,2026-07-12T13:10:08Z,FICO,FAIR ISAAC CORP,0.045709
2026-07-09,2026-07-12T13:10:08Z,NRG,NRG ENERGY INC,0.0457
2026-07-09,2026-07-12T13:10:08Z,CFG,CITIZENS FINANCIAL GROUP,0.045554
2026-07-09,2026-07-12T13:10:08Z,GEHC,GE HEALTHCARE TECHNOLOGY,0.045385
2026-07-09,2026-07-12T13:10:08Z,BIIB,BIOGEN INC,0.045346
2026-07-09,2026-07-12T13:10:08Z,RJF,RAYMOND JAMES FINANCIAL INC,0.04513
2026-07-09,2026-07-12T13:10:08Z,TDY,TELEDYNE TECHNOLOGIES INC,0.045121
2026-07-09,2026-07-12T13:10:08Z,ATO,ATMOS ENERGY CORP,0.044729
2026-07-09,2026-07-12T13:10:08Z,LYV,LIVE NATION ENTERTAINMENT IN,0.044555
2026-07-09,2026-07-12T13:10:08Z,EIX,EDISON INTERNATIONAL,0.044288
2026-07-09,2026-07-12T13:10:08Z,DOV,DOVER CORP,0.043967
2026-07-09,2026-07-12T13:10:08Z,HAL,HALLIBURTON CO,0.043938
2026-07-09,2026-07-12T13:10:08Z,VEEV,VEEVA SYSTEMS INC CLASS A,0.043918
2026-07-09,2026-07-12T13:10:08Z,CNP,CENTERPOINT ENERGY INC,0.043681
2026-07-09,2026-07-12T13:10:08Z,TPR,TAPESTRY INC,0.043664
2026-07-09,2026-07-12T13:10:08Z,VICI,VICI PROPERTIES INC,0.043649
2026-07-09,2026-07-12T13:10:08Z,XYL,XYLEM INC,0.043577
2026-07-09,2026-07-12T13:10:08Z,WDAY,WORKDAY INC CLASS A,0.043454
2026-07-09,2026-07-12T13:10:08Z,CBOE,CBOE GLOBAL MARKETS INC,0.043308
2026-07-09,2026-07-12T13:10:08Z,DXCM,DEXCOM INC,0.043302
2026-07-09,2026-07-12T13:10:08Z,ES,EVERSOURCE ENERGY,0.042811
2026-07-09,2026-07-12T13:10:08Z,OTIS,OTIS WORLDWIDE CORP,0.042599
2026-07-09,2026-07-12T13:10:08Z,FISV,FISERV INC,0.04247
2026-07-09,2026-07-12T13:10:08Z,IR,INGERSOLL RAND INC,0.042268
2026-07-09,2026-07-12T13:10:08Z,WTW,WILLIS TOWERS WATSON PLC,0.042114
2026-07-09,2026-07-12T13:10:08Z,CINF,CINCINNATI FINANCIAL CORP,0.041849
2026-07-09,2026-07-12T13:10:08Z,MRNA,MODERNA INC,0.041692
2026-07-09,2026-07-12T13:10:08Z,PPL,PPL CORP,0.04137
2026-07-09,2026-07-12T13:10:08Z,AVB,AVALONBAY COMMUNITIES INC,0.040594
2026-07-09,2026-07-12T13:10:08Z,RF,REGIONS FINANCIAL CORP,0.040241
2026-07-09,2026-07-12T13:10:08Z,MTD,METTLER TOLEDO INTERNATIONAL,0.039908
2026-07-09,2026-07-12T13:10:08Z,WSM,WILLIAMS SONOMA INC,0.039898
2026-07-09,2026-07-12T13:10:08Z,PPG,PPG INDUSTRIES INC,0.039855
2026-07-09,2026-07-12T13:10:08Z,HUBB,HUBBELL INC,0.039567
2026-07-09,2026-07-12T13:10:08Z,ARES,ARES MANAGEMENT CORP   A,0.039567
2026-07-09,2026-07-12T13:10:08Z,DG,DOLLAR GENERAL CORP,0.039348
2026-07-09,2026-07-12T13:10:08Z,AWK,AMERICAN WATER WORKS CO INC,0.039309
2026-07-09,2026-07-12T13:10:08Z,HSY,HERSHEY CO/THE,0.039304
2026-07-09,2026-07-12T13:10:08Z,WST,WEST PHARMACEUTICAL SERVICES,0.038962
2026-07-09,2026-07-12T13:10:08Z,CPRT,COPART INC,0.038716
2026-07-09,2026-07-12T13:10:08Z,TROW,T ROWE PRICE GROUP INC,0.038672
2026-07-09,2026-07-12T13:10:08Z,FE,FIRSTENERGY CORP,0.038233
2026-07-09,2026-07-12T13:10:08Z,FSLR,FIRST SOLAR INC,0.037828
2026-07-09,2026-07-12T13:10:08Z,VRSK,VERISK ANALYTICS INC,0.037784
2026-07-09,2026-07-12T13:10:08Z,FFIV,F5 INC,0.03739
2026-07-09,2026-07-12T13:10:08Z,SYF,SYNCHRONY FINANCIAL,0.037122
2026-07-09,2026-07-12T13:10:08Z,LUV,SOUTHWEST AIRLINES CO,0.037085
2026-07-09,2026-07-12T13:10:08Z,PHM,PULTEGROUP INC,0.036336
2026-07-09,2026-07-12T13:10:08Z,EQR,EQUITY RESIDENTIAL,0.0358
2026-07-09,2026-07-12T13:10:08Z,CMS,CMS ENERGY CORP,0.03556
2026-07-09,2026-07-12T13:10:08Z,OMC,OMNICOM GROUP,0.035521
2026-07-09,2026-07-12T13:10:08Z,DGX,QUEST DIAGNOSTICS INC,0.03551
2026-07-09,2026-07-12T13:10:08Z,CPAY,CORPAY INC,0.035396
2026-07-09,2026-07-12T13:10:08Z,DRI,DARDEN RESTAURANTS INC,0.03537
2026-07-09,2026-07-12T13:10:08Z,LH,LABCORP HOLDINGS INC,0.035114
2026-07-09,2026-07-12T13:10:08Z,CHRW,C.H. ROBINSON WORLDWIDE INC,0.035032
2026-07-09,2026-07-12T13:10:08Z,TPL,TEXAS PACIFIC LAND CORP,0.034894
2026-07-09,2026-07-12T13:10:08Z,VLTO,VERALTO CORP,0.034877
2026-07-09,2026-07-12T13:10:08Z,CHD,CHURCH + DWIGHT CO INC,0.034864
2026-07-09,2026-07-12T13:10:08Z,SW,SMURFIT WESTROCK PLC,0.034791
2026-07-09,2026-07-12T13:10:08Z,EXPD,EXPEDITORS INTL WASH INC,0.034412
2026-07-09,2026-07-12T13:10:08Z,NI,NISOURCE INC,0.034398
2026-07-09,2026-07-12T13:10:08Z,VRSN,VERISIGN INC,0.034084
2026-07-09,2026-07-12T13:10:08Z,HPQ,HP INC,0.03405
2026-07-09,2026-07-12T13:10:08Z,PFG,PRINCIPAL FINANCIAL GROUP,0.033836
2026-07-09,2026-07-12T13:10:08Z,DLTR,DOLLAR TREE INC,0.033766
2026-07-09,2026-07-12T13:10:08Z,FIS,FIDELITY NATIONAL INFO SERV,0.033165
2026-07-09,2026-07-12T13:10:08Z,EXE,EXPAND ENERGY CORP,0.032846
2026-07-09,2026-07-12T13:10:08Z,KEY,KEYCORP,0.032827
2026-07-09,2026-07-12T13:10:08Z,STE,STERIS PLC,0.032668
2026-07-09,2026-07-12T13:10:08Z,KHC,KRAFT HEINZ CO/THE,0.032594
2026-07-09,2026-07-12T13:10:08Z,WRB,WR BERKLEY CORP,0.032568
2026-07-09,2026-07-12T13:10:08Z,JBHT,HUNT (JB) TRANSPRT SVCS INC,0.032447
2026-07-09,2026-07-12T13:10:08Z,SNA,SNAP ON INC,0.031953
2026-07-09,2026-07-12T13:10:08Z,CTSH,COGNIZANT TECH SOLUTIONS A,0.031714
2026-07-09,2026-07-12T13:10:08Z,DOW,DOW INC,0.031562
2026-07-09,2026-07-12T13:10:08Z,EL,ESTEE LAUDER COMPANIES CL A,0.031166
2026-07-09,2026-07-12T13:10:08Z,IFF,INTL FLAVORS + FRAGRANCES,0.030989
2026-07-09,2026-07-12T13:10:08Z,ULTA,ULTA BEAUTY INC,0.030906
2026-07-09,2026-07-12T13:10:08Z,PKG,PACKAGING CORP OF AMERICA,0.030644
2026-07-09,2026-07-12T13:10:08Z,EFX,EQUIFAX INC,0.0306
2026-07-09,2026-07-12T13:10:08Z,BRO,BROWN + BROWN INC,0.030493
2026-07-09,2026-07-12T13:10:08Z,INCY,INCYTE CORP,0.030454
2026-07-09,2026-07-12T13:10:08Z,EVRG,EVERGY INC,0.030316
2026-07-09,2026-07-12T13:10:08Z,IP,INTERNATIONAL PAPER CO,0.030292
2026-07-09,2026-07-12T13:10:08Z,AMCR,AMCOR PLC,0.030228
2026-07-09,2026-07-12T13:10:08Z,LNT,ALLIANT ENERGY CORP,0.029978
2026-07-09,2026-07-12T13:10:08Z,L,LOEWS CORP,0.029962
2026-07-09,2026-07-12T13:10:08Z,SBAC,SBA COMMUNICATIONS CORP,0.029837
2026-07-09,2026-07-12T13:10:08Z,VTRS,VIATRIS INC,0.02931
2026-07-09,2026-07-12T13:10:08Z,AKAM,AKAMAI TECHNOLOGIES INC,0.029034
2026-07-09,2026-07-12T13:10:08Z,GIS,GENERAL MILLS INC,0.028999
2026-07-09,2026-07-12T13:10:08Z,ESS,ESSEX PROPERTY TRUST INC,0.028838
2026-07-09,2026-07-12T13:10:08Z,FTV,FORTIVE CORP,0.028747
2026-07-09,2026-07-12T13:10:08Z,DD,DUPONT DE NEMOURS INC,0.028587
2026-07-09,2026-07-12T13:10:08Z,STZ,CONSTELLATION BRANDS INC A,0.028482
2026-07-09,2026-07-12T13:10:08Z,LEN,LENNAR CORP W/D,0.027832
2026-07-09,2026-07-12T13:10:08Z,CDW,CDW CORP/DE,0.02762
2026-07-09,2026-07-12T13:10:08Z,CF,CF INDUSTRIES HOLDINGS INC,0.027011
2026-07-09,2026-07-12T13:10:08Z,NVR,NVR INC,0.02677
2026-07-09,2026-07-12T13:10:08Z,GPN,GLOBAL PAYMENTS INC,0.026669
2026-07-09,2026-07-12T13:10:08Z,ZBH,ZIMMER BIOMET HOLDINGS INC,0.026618
2026-07-09,2026-07-12T13:10:08Z,GPC,GENUINE PARTS CO,0.026374
2026-07-09,2026-07-12T13:10:08Z,BR,BROADRIDGE FINANCIAL SOLUTIO,0.026273
2026-07-09,2026-07-12T13:10:08Z,LII,LENNOX INTERNATIONAL INC,0.026232
2026-07-09,2026-07-12T13:10:08Z,KIM,KIMCO REALTY CORP,0.025925
2026-07-09,2026-07-12T13:10:08Z,FDXF,FEDEX FREIGHT HOLDING CO,0.025777
2026-07-09,2026-07-12T13:10:08Z,TSN,TYSON FOODS INC CL A,0.025106
2026-07-09,2026-07-12T13:10:08Z,IEX,IDEX CORP,0.025079
2026-07-09,2026-07-12T13:10:08Z,BALL,BALL CORP,0.025042
2026-07-09,2026-07-12T13:10:08Z,WY,WEYERHAEUSER CO,0.024826
2026-07-09,2026-07-12T13:10:08Z,INVH,INVITATION HOMES INC,0.024752
2026-07-09,2026-07-12T13:10:08Z,SMCI,SUPER MICRO COMPUTER INC,0.024505
2026-07-09,2026-07-12T13:10:08Z,MAA,MID AMERICA APARTMENT COMM,0.024402
2026-07-09,2026-07-12T13:10:08Z,TSCO,TRACTOR SUPPLY COMPANY,0.024358
2026-07-09,2026-07-12T13:10:08Z,BBY,BEST BUY CO INC,0.024253
2026-07-09,2026-07-12T13:10:08Z,TXT,TEXTRON INC,0.024194
2026-07-09,2026-07-12T13:10:08Z,MAS,MASCO CORP,0.023919
2026-07-09,2026-07-12T13:10:08Z,BG,BUNGE GLOBAL SA,0.023869
2026-07-09,2026-07-12T13:10:08Z,NDSN,NORDSON CORP,0.023407
2026-07-09,2026-07-12T13:10:08Z,ALB,ALBEMARLE CORP,0.023322
2026-07-09,2026-07-12T13:10:08Z,RL,RALPH LAUREN CORP,0.023164
2026-07-09,2026-07-12T13:10:08Z,DOC,HEALTHPEAK PROPERTIES INC,0.023021
2026-07-09,2026-07-12T13:10:08Z,J,JACOBS SOLUTIONS INC,0.022908
2026-07-09,2026-07-12T13:10:08Z,HST,HOST HOTELS + RESORTS INC,0.022746
2026-07-09,2026-07-12T13:10:08Z,DECK,DECKERS OUTDOOR CORP,0.022739
2026-07-09,2026-07-12T13:10:08Z,EG,EVEREST GROUP LTD,0.02264
2026-07-09,2026-07-12T13:10:08Z,LYB,LYONDELLBASELL INDU CL A,0.022135
2026-07-09,2026-07-12T13:10:08Z,PTC,PTC INC,0.022049
2026-07-09,2026-07-12T13:10:08Z,GEN,GEN DIGITAL INC,0.021966
2026-07-09,2026-07-12T13:10:08Z,GL,GLOBE LIFE INC,0.021415
2026-07-09,2026-07-12T13:10:08Z,COO,COOPER COS INC/THE,0.021362
2026-07-09,2026-07-12T13:10:08Z,LVS,LAS VEGAS SANDS CORP,0.021357
2026-07-09,2026-07-12T13:10:08Z,AIZ,ASSURANT INC,0.021339
2026-07-09,2026-07-12T13:10:08Z,GNRC,GENERAC HOLDINGS INC,0.02121
2026-07-09,2026-07-12T13:10:08Z,SWK,STANLEY BLACK + DECKER INC,0.020811
2026-07-09,2026-07-12T13:10:08Z,LDOS,LEIDOS HOLDINGS INC,0.020681
2026-07-09,2026-07-12T13:10:08Z,ECHO,ECHOSTAR CORP A,0.020406
2026-07-09,2026-07-12T13:10:08Z,ROL,ROLLINS INC,0.020277
2026-07-09,2026-07-12T13:10:08Z,MKC,MCCORMICK + CO NON VTG SHRS,0.020248
2026-07-09,2026-07-12T13:10:08Z,TYL,TYLER TECHNOLOGIES INC,0.020212
2026-07-09,2026-07-12T13:10:08Z,REG,REGENCY CENTERS CORP,0.020187
2026-07-09,2026-07-12T13:10:08Z,ZBRA,ZEBRA TECHNOLOGIES CORP CL A,0.020034
2026-07-09,2026-07-12T13:10:08Z,PNW,PINNACLE WEST CAPITAL,0.01996
2026-07-09,2026-07-12T13:10:08Z,IVZ,INVESCO LTD,0.019599
2026-07-09,2026-07-12T13:10:08Z,APTV,APTIV PLC,0.019557
2026-07-09,2026-07-12T13:10:08Z,RVTY,REVVITY INC,0.019433
2026-07-09,2026-07-12T13:10:08Z,TRMB,TRIMBLE INC,0.018946
2026-07-09,2026-07-12T13:10:08Z,LULU,LULULEMON ATHLETICA INC,0.018815
2026-07-09,2026-07-12T13:10:08Z,AVY,AVERY DENNISON CORP,0.018758
2026-07-09,2026-07-12T13:10:08Z,PNR,PENTAIR PLC,0.018584
2026-07-09,2026-07-12T13:10:08Z,CSGP,COSTAR GROUP INC,0.018381
2026-07-09,2026-07-12T13:10:08Z,TKO,TKO GROUP HOLDINGS INC,0.018266
2026-07-09,2026-07-12T13:10:08Z,SJM,JM SMUCKER CO/THE,0.018235
2026-07-09,2026-07-12T13:10:08Z,APA,APA CORP,0.018145
2026-07-09,2026-07-12T13:10:08Z,ALGN,ALIGN TECHNOLOGY INC,0.018101
2026-07-09,2026-07-12T13:10:08Z,UDR,UDR INC,0.018094
2026-07-09,2026-07-12T13:10:08Z,BAX,BAXTER INTERNATIONAL INC,0.01797
2026-07-09,2026-07-12T13:10:08Z,GDDY,GODADDY INC   CLASS A,0.017943
2026-07-09,2026-07-12T13:10:08Z,ALLE,ALLEGION PLC,0.017694
2026-07-09,2026-07-12T13:10:08Z,CPT,CAMDEN PROPERTY TRUST,0.017557
2026-07-09,2026-07-12T13:10:08Z,CLX,CLOROX COMPANY,0.017448
2026-07-09,2026-07-12T13:10:08Z,CRL,CHARLES RIVER LABORATORIES,0.017351
2026-07-09,2026-07-12T13:10:08Z,CHTR,CHARTER COMMUNICATIONS INC A,0.017321
2026-07-09,2026-07-12T13:10:08Z,HII,HUNTINGTON INGALLS INDUSTRIE,0.017308
2026-07-09,2026-07-12T13:10:08Z,SOLV,SOLVENTUM CORP,0.017239
2026-07-09,2026-07-12T13:10:08Z,TECH,BIO TECHNE CORP,0.017206
2026-07-09,2026-07-12T13:10:08Z,PODD,INSULET CORP,0.016905
2026-07-09,2026-07-12T13:10:08Z,FOXA,FOX CORP   CLASS A,0.01653
2026-07-09,2026-07-12T13:10:08Z,JKHY,JACK HENRY + ASSOCIATES INC,0.016455
2026-07-09,2026-07-12T13:10:08Z,AES,AES CORP,0.016198
2026-07-09,2026-07-12T13:10:08Z,BEN,FRANKLIN RESOURCES INC,0.015923
2026-07-09,2026-07-12T13:10:08Z,HAS,HASBRO INC,0.015917
2026-07-09,2026-07-12T13:10:08Z,NWSA,NEWS CORP   CLASS A,0.015467
2026-07-09,2026-07-12T13:10:08Z,BXP,BXP INC,0.015252
2026-07-09,2026-07-12T13:10:08Z,FRT,FEDERAL REALTY INVS TRUST,0.014684
2026-07-09,2026-07-12T13:10:08Z,DPZ,DOMINO S PIZZA INC,0.014203
2026-07-09,2026-07-12T13:10:08Z,NCLH,NORWEGIAN CRUISE LINE HOLDIN,0.014086
2026-07-09,2026-07-12T13:10:08Z,SWKS,SKYWORKS SOLUTIONS INC,0.013903
2026-07-09,2026-07-12T13:10:08Z,IT,GARTNER INC,0.013701
2026-07-09,2026-07-12T13:10:08Z,FDS,FACTSET RESEARCH SYSTEMS INC,0.013587
2026-07-09,2026-07-12T13:10:08Z,MGM,MGM RESORTS INTERNATIONAL,0.013581
2026-07-09,2026-07-12T13:10:08Z,TTD,TRADE DESK INC/THE  CLASS A,0.013003
2026-07-09,2026-07-12T13:10:08Z,WYNN,WYNN RESORTS LTD,0.012775
2026-07-09,2026-07-12T13:10:08Z,UHS,UNIVERSAL HEALTH SERVICES B,0.012755
2026-07-09,2026-07-12T13:10:08Z,HSIC,HENRY SCHEIN INC,0.01252
2026-07-09,2026-07-12T13:10:08Z,BLDR,BUILDERS FIRSTSOURCE INC,0.012361
2026-07-09,2026-07-12T13:10:08Z,ARE,ALEXANDRIA REAL ESTATE EQUIT,0.011688
2026-07-09,2026-07-12T13:10:08Z,DVA,DAVITA INC,0.011364
2026-07-09,2026-07-12T13:10:08Z,HRL,HORMEL FOODS CORP,0.010942
2026-07-09,2026-07-12T13:10:08Z,FOX,FOX CORP   CLASS B,0.010449
2026-07-09,2026-07-12T13:10:08Z,MOS,MOSAIC CO/THE,0.010244
2026-07-09,2026-07-12T13:10:08Z,AOS,SMITH (A.O.) CORP,0.010186
2026-07-09,2026-07-12T13:10:08Z,ERIE,ERIE INDEMNITY COMPANY CL A,0.009701
2026-07-09,2026-07-12T13:10:08Z,TAP,MOLSON COORS BEVERAGE CO   B,0.009584
2026-07-09,2026-07-12T13:10:08Z,BF-B,BROWN FORMAN CORP CLASS B,0.006548
2026-07-09,2026-07-12T13:10:08Z,NWS,NEWS CORP   CLASS B,0.005855
2026-07-09,2026-07-12T13:10:08Z,PSKY,PARAMOUNT SKYDANCE CL B,0.004521
